category,subcategory,sku,image,status,name,featured,new_arrival,brand,quantity,Sample Price,Wholesale Price List 10 Items,Wholesale Price List 50 Items,Wholesale Price List 100 Items,Cost Price,short_description,description
Fashion,Shoes & Accessories,PAS-SHW-113-41,PAS-SHW-113-41,Enable,Reflete Multicoloured Printed Lifestyle Shoes ,0,0,REFLETE,1000,264,237.6,211.2,184.8,158.4,Make a note to get noticed when you slip on this pair of belly shoes from the house of Reflete. Feel out-of-the-world comfort wearing this pair of belly shoes with Thermoplastic Rubber sole. Make the guys go weak in the knees as you adorn this pair with a maxi맋ress마nd a collar neckpiece.,"Make a note to get noticed when you slip on this pair of belly shoes from the house of Reflete. Feel out-of-the-world comfort wearing this pair of belly shoes with Thermoplastic Rubber sole. Make the guys go weak in the knees as you adorn this pair with a maxi맋ress마nd a collar neckpiece.
Variation Size: 41 EU
Variation Color: BlueClosure : Lace. 
Heel Height : Low Heel. 
Heel Shape : Wedges. 
Sole Material : TPR. 
Toe Shape : Round Toe. 
Package Length: 31
Package Width: 16
Package Height: 12
Package Weight: 400"
Fashion,Shoes & Accessories,PAS-SHW-113-42,PAS-SHW-113-42,Enable,Reflete Multicoloured Printed Lifestyle Shoes ,0,0,REFLETE,1000,264,237.6,211.2,184.8,158.4,Make a note to get noticed when you slip on this pair of belly shoes from the house of Reflete. Feel out-of-the-world comfort wearing this pair of belly shoes with Thermoplastic Rubber sole. Make the guys go weak in the knees as you adorn this pair with a maxi맋ress마nd a collar neckpiece.,"Make a note to get noticed when you slip on this pair of belly shoes from the house of Reflete. Feel out-of-the-world comfort wearing this pair of belly shoes with Thermoplastic Rubber sole. Make the guys go weak in the knees as you adorn this pair with a maxi맋ress마nd a collar neckpiece.
Variation Size: 42 EU
Variation Color: BlueClosure : Lace. 
Heel Height : Low Heel. 
Heel Shape : Wedges. 
Sole Material : TPR. 
Toe Shape : Round Toe. 
Package Length: 31
Package Width: 16
Package Height: 12
Package Weight: 400"
Fashion,Shoes & Accessories,PAS-SHW-114-36,PAS-SHW-114-36,Enable,Reflete Multicoloured Printed Lifestyle Shoes ,0,0,REFLETE,1000,264,237.6,211.2,184.8,158.4,Make a note to get noticed when you slip on this pair of belly shoes from the house of Reflete. Feel out-of-the-world comfort wearing this pair of belly shoes with Thermoplastic Rubber sole. Make the guys go weak in the knees as you adorn this pair with a maxi맋ress마nd a collar neckpiece.,"Make a note to get noticed when you slip on this pair of belly shoes from the house of Reflete. Feel out-of-the-world comfort wearing this pair of belly shoes with Thermoplastic Rubber sole. Make the guys go weak in the knees as you adorn this pair with a maxi맋ress마nd a collar neckpiece.
Variation Size: 36 EU
Variation Color: BlueClosure : Lace. 
Heel Height : Low Heel. 
Heel Shape : Wedges. 
Sole Material : TPR. 
Toe Shape : Round Toe. 
Package Length: 31
Package Width: 16
Package Height: 12
Package Weight: 400"
Fashion,Shoes & Accessories,PAS-SHW-114-37,PAS-SHW-114-37,Enable,Reflete Multicoloured Printed Lifestyle Shoes ,0,0,REFLETE,1000,264,237.6,211.2,184.8,158.4,Make a note to get noticed when you slip on this pair of belly shoes from the house of Reflete. Feel out-of-the-world comfort wearing this pair of belly shoes with Thermoplastic Rubber sole. Make the guys go weak in the knees as you adorn this pair with a maxi맋ress마nd a collar neckpiece.,"Make a note to get noticed when you slip on this pair of belly shoes from the house of Reflete. Feel out-of-the-world comfort wearing this pair of belly shoes with Thermoplastic Rubber sole. Make the guys go weak in the knees as you adorn this pair with a maxi맋ress마nd a collar neckpiece.
Variation Size: 37 EU
Variation Color: BlueClosure : Lace. 
Heel Height : Low Heel. 
Heel Shape : Wedges. 
Sole Material : TPR. 
Toe Shape : Round Toe. 
Package Length: 31
Package Width: 16
Package Height: 12
Package Weight: 400"
Fashion,Shoes & Accessories,PAS-SHW-114-38,PAS-SHW-114-38,Enable,Reflete Multicoloured Printed Lifestyle Shoes ,0,0,REFLETE,1000,264,237.6,211.2,184.8,158.4,Make a note to get noticed when you slip on this pair of belly shoes from the house of Reflete. Feel out-of-the-world comfort wearing this pair of belly shoes with Thermoplastic Rubber sole. Make the guys go weak in the knees as you adorn this pair with a maxi맋ress마nd a collar neckpiece.,"Make a note to get noticed when you slip on this pair of belly shoes from the house of Reflete. Feel out-of-the-world comfort wearing this pair of belly shoes with Thermoplastic Rubber sole. Make the guys go weak in the knees as you adorn this pair with a maxi맋ress마nd a collar neckpiece.
Variation Size: 38 EU
Variation Color: BlueClosure : Lace. 
Heel Height : Low Heel. 
Heel Shape : Wedges. 
Sole Material : TPR. 
Toe Shape : Round Toe. 
Package Length: 31
Package Width: 16
Package Height: 12
Package Weight: 400"
Fashion,Shoes & Accessories,PAS-SHW-114-39,PAS-SHW-114-39,Enable,Reflete Multicoloured Printed Lifestyle Shoes ,0,0,REFLETE,1000,264,237.6,211.2,184.8,158.4,Make a note to get noticed when you slip on this pair of belly shoes from the house of Reflete. Feel out-of-the-world comfort wearing this pair of belly shoes with Thermoplastic Rubber sole. Make the guys go weak in the knees as you adorn this pair with a maxi맋ress마nd a collar neckpiece.,"Make a note to get noticed when you slip on this pair of belly shoes from the house of Reflete. Feel out-of-the-world comfort wearing this pair of belly shoes with Thermoplastic Rubber sole. Make the guys go weak in the knees as you adorn this pair with a maxi맋ress마nd a collar neckpiece.
Variation Size: 39 EU
Variation Color: BlueClosure : Lace. 
Heel Height : Low Heel. 
Heel Shape : Wedges. 
Sole Material : TPR. 
Toe Shape : Round Toe. 
Package Length: 31
Package Width: 16
Package Height: 12
Package Weight: 400"
Fashion,Shoes & Accessories,PAS-SHW-114-40,PAS-SHW-114-40,Enable,Reflete Multicoloured Printed Lifestyle Shoes ,0,0,REFLETE,1000,264,237.6,211.2,184.8,158.4,Make a note to get noticed when you slip on this pair of belly shoes from the house of Reflete. Feel out-of-the-world comfort wearing this pair of belly shoes with Thermoplastic Rubber sole. Make the guys go weak in the knees as you adorn this pair with a maxi맋ress마nd a collar neckpiece.,"Make a note to get noticed when you slip on this pair of belly shoes from the house of Reflete. Feel out-of-the-world comfort wearing this pair of belly shoes with Thermoplastic Rubber sole. Make the guys go weak in the knees as you adorn this pair with a maxi맋ress마nd a collar neckpiece.
Variation Size: 40 EU
Variation Color: BlueClosure : Lace. 
Heel Height : Low Heel. 
Heel Shape : Wedges. 
Sole Material : TPR. 
Toe Shape : Round Toe. 
Package Length: 31
Package Width: 16
Package Height: 12
Package Weight: 400"
Fashion,Shoes & Accessories,PAS-SHW-114-41,PAS-SHW-114-41,Enable,Reflete Multicoloured Printed Lifestyle Shoes ,0,0,REFLETE,1000,264,237.6,211.2,184.8,158.4,Make a note to get noticed when you slip on this pair of belly shoes from the house of Reflete. Feel out-of-the-world comfort wearing this pair of belly shoes with Thermoplastic Rubber sole. Make the guys go weak in the knees as you adorn this pair with a maxi맋ress마nd a collar neckpiece.,"Make a note to get noticed when you slip on this pair of belly shoes from the house of Reflete. Feel out-of-the-world comfort wearing this pair of belly shoes with Thermoplastic Rubber sole. Make the guys go weak in the knees as you adorn this pair with a maxi맋ress마nd a collar neckpiece.
Variation Size: 41 EU
Variation Color: BlueClosure : Lace. 
Heel Height : Low Heel. 
Heel Shape : Wedges. 
Sole Material : TPR. 
Toe Shape : Round Toe. 
Package Length: 31
Package Width: 16
Package Height: 12
Package Weight: 400"
Fashion,Shoes & Accessories,PAS-SHW-114-42,PAS-SHW-114-42,Enable,Reflete Multicoloured Printed Lifestyle Shoes ,0,0,REFLETE,1000,264,237.6,211.2,184.8,158.4,Make a note to get noticed when you slip on this pair of belly shoes from the house of Reflete. Feel out-of-the-world comfort wearing this pair of belly shoes with Thermoplastic Rubber sole. Make the guys go weak in the knees as you adorn this pair with a maxi맋ress마nd a collar neckpiece.,"Make a note to get noticed when you slip on this pair of belly shoes from the house of Reflete. Feel out-of-the-world comfort wearing this pair of belly shoes with Thermoplastic Rubber sole. Make the guys go weak in the knees as you adorn this pair with a maxi맋ress마nd a collar neckpiece.
Variation Size: 42 EU
Variation Color: BlueClosure : Lace. 
Heel Height : Low Heel. 
Heel Shape : Wedges. 
Sole Material : TPR. 
Toe Shape : Round Toe. 
Package Length: 31
Package Width: 16
Package Height: 12
Package Weight: 400"
Fashion,Shoes & Accessories,PAS-SHW-116-36,PAS-SHW-116-36,Enable,Reflete Multicoloured Printed Lifestyle Shoes ,0,0,REFLETE,1000,252,226.8,201.6,176.4,151.2,Make a note to get noticed when you slip on this pair of belly shoes from the house of Reflete. Feel out-of-the-world comfort wearing this pair of belly shoes with Thermoplastic Rubber sole. Make the guys go weak in the knees as you adorn this pair with a maxi맋ress마nd a collar neckpiece.,"Make a note to get noticed when you slip on this pair of belly shoes from the house of Reflete. Feel out-of-the-world comfort wearing this pair of belly shoes with Thermoplastic Rubber sole. Make the guys go weak in the knees as you adorn this pair with a maxi맋ress마nd a collar neckpiece.
Variation Size: 36 EU
Variation Color: MultiClosure : Slip-on. 
Heel Height : Low Heel. 
Heel Shape : Wedges. 
Sole Material : TPR. 
Toe Shape : Round Toe. 
Package Length: 31
Package Width: 16
Package Height: 12
Package Weight: 400"
Fashion,Shoes & Accessories,PAS-SHW-116-37,PAS-SHW-116-37,Enable,Reflete Multicoloured Printed Lifestyle Shoes ,0,0,REFLETE,1000,252,226.8,201.6,176.4,151.2,Make a note to get noticed when you slip on this pair of belly shoes from the house of Reflete. Feel out-of-the-world comfort wearing this pair of belly shoes with Thermoplastic Rubber sole. Make the guys go weak in the knees as you adorn this pair with a maxi맋ress마nd a collar neckpiece.,"Make a note to get noticed when you slip on this pair of belly shoes from the house of Reflete. Feel out-of-the-world comfort wearing this pair of belly shoes with Thermoplastic Rubber sole. Make the guys go weak in the knees as you adorn this pair with a maxi맋ress마nd a collar neckpiece.
Variation Size: 37 EU
Variation Color: MultiClosure : Slip-on. 
Heel Height : Low Heel. 
Heel Shape : Wedges. 
Sole Material : TPR. 
Toe Shape : Round Toe. 
Package Length: 31
Package Width: 16
Package Height: 12
Package Weight: 400"
Fashion,Shoes & Accessories,PAS-SHW-116-38,PAS-SHW-116-38,Enable,Reflete Multicoloured Printed Lifestyle Shoes ,0,0,REFLETE,1000,252,226.8,201.6,176.4,151.2,Make a note to get noticed when you slip on this pair of belly shoes from the house of Reflete. Feel out-of-the-world comfort wearing this pair of belly shoes with Thermoplastic Rubber sole. Make the guys go weak in the knees as you adorn this pair with a maxi맋ress마nd a collar neckpiece.,"Make a note to get noticed when you slip on this pair of belly shoes from the house of Reflete. Feel out-of-the-world comfort wearing this pair of belly shoes with Thermoplastic Rubber sole. Make the guys go weak in the knees as you adorn this pair with a maxi맋ress마nd a collar neckpiece.
Variation Size: 38 EU
Variation Color: MultiClosure : Slip-on. 
Heel Height : Low Heel. 
Heel Shape : Wedges. 
Sole Material : TPR. 
Toe Shape : Round Toe. 
Package Length: 31
Package Width: 16
Package Height: 12
Package Weight: 400"
Fashion,Shoes & Accessories,PAS-SHW-116-39,PAS-SHW-116-39,Enable,Reflete Multicoloured Printed Lifestyle Shoes ,0,0,REFLETE,1000,252,226.8,201.6,176.4,151.2,Make a note to get noticed when you slip on this pair of belly shoes from the house of Reflete. Feel out-of-the-world comfort wearing this pair of belly shoes with Thermoplastic Rubber sole. Make the guys go weak in the knees as you adorn this pair with a maxi맋ress마nd a collar neckpiece.,"Make a note to get noticed when you slip on this pair of belly shoes from the house of Reflete. Feel out-of-the-world comfort wearing this pair of belly shoes with Thermoplastic Rubber sole. Make the guys go weak in the knees as you adorn this pair with a maxi맋ress마nd a collar neckpiece.
Variation Size: 39 EU
Variation Color: MultiClosure : Slip-on. 
Heel Height : Low Heel. 
Heel Shape : Wedges. 
Sole Material : TPR. 
Toe Shape : Round Toe. 
Package Length: 31
Package Width: 16
Package Height: 12
Package Weight: 400"
Fashion,Shoes & Accessories,PAS-SHW-116-40,PAS-SHW-116-40,Enable,Reflete Multicoloured Printed Lifestyle Shoes ,0,0,REFLETE,1000,252,226.8,201.6,176.4,151.2,Make a note to get noticed when you slip on this pair of belly shoes from the house of Reflete. Feel out-of-the-world comfort wearing this pair of belly shoes with Thermoplastic Rubber sole. Make the guys go weak in the knees as you adorn this pair with a maxi맋ress마nd a collar neckpiece.,"Make a note to get noticed when you slip on this pair of belly shoes from the house of Reflete. Feel out-of-the-world comfort wearing this pair of belly shoes with Thermoplastic Rubber sole. Make the guys go weak in the knees as you adorn this pair with a maxi맋ress마nd a collar neckpiece.
Variation Size: 40 EU
Variation Color: MultiClosure : Slip-on. 
Heel Height : Low Heel. 
Heel Shape : Wedges. 
Sole Material : TPR. 
Toe Shape : Round Toe. 
Package Length: 31
Package Width: 16
Package Height: 12
Package Weight: 400"
Fashion,Shoes & Accessories,PAS-SHW-116-41,PAS-SHW-116-41,Enable,Reflete Multicoloured Printed Lifestyle Shoes ,0,0,REFLETE,1000,252,226.8,201.6,176.4,151.2,Make a note to get noticed when you slip on this pair of belly shoes from the house of Reflete. Feel out-of-the-world comfort wearing this pair of belly shoes with Thermoplastic Rubber sole. Make the guys go weak in the knees as you adorn this pair with a maxi맋ress마nd a collar neckpiece.,"Make a note to get noticed when you slip on this pair of belly shoes from the house of Reflete. Feel out-of-the-world comfort wearing this pair of belly shoes with Thermoplastic Rubber sole. Make the guys go weak in the knees as you adorn this pair with a maxi맋ress마nd a collar neckpiece.
Variation Size: 41 EU
Variation Color: MultiClosure : Slip-on. 
Heel Height : Low Heel. 
Heel Shape : Wedges. 
Sole Material : TPR. 
Toe Shape : Round Toe. 
Package Length: 31
Package Width: 16
Package Height: 12
Package Weight: 400"
Fashion,Shoes & Accessories,PAS-SHW-116-42,PAS-SHW-116-42,Enable,Reflete Multicoloured Printed Lifestyle Shoes ,0,0,REFLETE,1000,252,226.8,201.6,176.4,151.2,Make a note to get noticed when you slip on this pair of belly shoes from the house of Reflete. Feel out-of-the-world comfort wearing this pair of belly shoes with Thermoplastic Rubber sole. Make the guys go weak in the knees as you adorn this pair with a maxi맋ress마nd a collar neckpiece.,"Make a note to get noticed when you slip on this pair of belly shoes from the house of Reflete. Feel out-of-the-world comfort wearing this pair of belly shoes with Thermoplastic Rubber sole. Make the guys go weak in the knees as you adorn this pair with a maxi맋ress마nd a collar neckpiece.
Variation Size: 42 EU
Variation Color: MultiClosure : Slip-on. 
Heel Height : Low Heel. 
Heel Shape : Wedges. 
Sole Material : TPR. 
Toe Shape : Round Toe. 
Package Length: 31
Package Width: 16
Package Height: 12
Package Weight: 400"
Fashion,Shoes & Accessories,PAS-SHW-120-36,PAS-SHW-120-36,Enable,Reflete Multicoloured Printed Lifestyle Shoes ,0,0,REFLETE,1000,252,226.8,201.6,176.4,151.2,Make a note to get noticed when you slip on this pair of belly shoes from the house of Reflete. Feel out-of-the-world comfort wearing this pair of belly shoes with Thermoplastic Rubber sole. Make the guys go weak in the knees as you adorn this pair with a maxi맋ress마nd a collar neckpiece.,"Make a note to get noticed when you slip on this pair of belly shoes from the house of Reflete. Feel out-of-the-world comfort wearing this pair of belly shoes with Thermoplastic Rubber sole. Make the guys go weak in the knees as you adorn this pair with a maxi맋ress마nd a collar neckpiece.
Variation Size: 36 EU
Variation Color: BlackClosure : Slip-on. 
Heel Height : Low Heel. 
Heel Shape : Wedges. 
Sole Material : TPR. 
Toe Shape : Round Toe. 
Package Length: 31
Package Width: 16
Package Height: 12
Package Weight: 400"
Fashion,Shoes & Accessories,PAS-SHW-120-37,PAS-SHW-120-37,Enable,Reflete Multicoloured Printed Lifestyle Shoes ,0,0,REFLETE,1000,252,226.8,201.6,176.4,151.2,Make a note to get noticed when you slip on this pair of belly shoes from the house of Reflete. Feel out-of-the-world comfort wearing this pair of belly shoes with Thermoplastic Rubber sole. Make the guys go weak in the knees as you adorn this pair with a maxi맋ress마nd a collar neckpiece.,"Make a note to get noticed when you slip on this pair of belly shoes from the house of Reflete. Feel out-of-the-world comfort wearing this pair of belly shoes with Thermoplastic Rubber sole. Make the guys go weak in the knees as you adorn this pair with a maxi맋ress마nd a collar neckpiece.
Variation Size: 37 EU
Variation Color: BlackClosure : Slip-on. 
Heel Height : Low Heel. 
Heel Shape : Wedges. 
Sole Material : TPR. 
Toe Shape : Round Toe. 
Package Length: 31
Package Width: 16
Package Height: 12
Package Weight: 400"
Fashion,Shoes & Accessories,PAS-SHW-120-38,PAS-SHW-120-38,Enable,Reflete Multicoloured Printed Lifestyle Shoes ,0,0,REFLETE,1000,252,226.8,201.6,176.4,151.2,Make a note to get noticed when you slip on this pair of belly shoes from the house of Reflete. Feel out-of-the-world comfort wearing this pair of belly shoes with Thermoplastic Rubber sole. Make the guys go weak in the knees as you adorn this pair with a maxi맋ress마nd a collar neckpiece.,"Make a note to get noticed when you slip on this pair of belly shoes from the house of Reflete. Feel out-of-the-world comfort wearing this pair of belly shoes with Thermoplastic Rubber sole. Make the guys go weak in the knees as you adorn this pair with a maxi맋ress마nd a collar neckpiece.
Variation Size: 38 EU
Variation Color: BlackClosure : Slip-on. 
Heel Height : Low Heel. 
Heel Shape : Wedges. 
Sole Material : TPR. 
Toe Shape : Round Toe. 
Package Length: 31
Package Width: 16
Package Height: 12
Package Weight: 400"
Fashion,Shoes & Accessories,PAS-SHW-120-39,PAS-SHW-120-39,Enable,Reflete Multicoloured Printed Lifestyle Shoes ,0,0,REFLETE,1000,252,226.8,201.6,176.4,151.2,Make a note to get noticed when you slip on this pair of belly shoes from the house of Reflete. Feel out-of-the-world comfort wearing this pair of belly shoes with Thermoplastic Rubber sole. Make the guys go weak in the knees as you adorn this pair with a maxi맋ress마nd a collar neckpiece.,"Make a note to get noticed when you slip on this pair of belly shoes from the house of Reflete. Feel out-of-the-world comfort wearing this pair of belly shoes with Thermoplastic Rubber sole. Make the guys go weak in the knees as you adorn this pair with a maxi맋ress마nd a collar neckpiece.
Variation Size: 39 EU
Variation Color: BlackClosure : Slip-on. 
Heel Height : Low Heel. 
Heel Shape : Wedges. 
Sole Material : TPR. 
Toe Shape : Round Toe. 
Package Length: 31
Package Width: 16
Package Height: 12
Package Weight: 400"
Fashion,Shoes & Accessories,PAS-SHW-120-40,PAS-SHW-120-40,Enable,Reflete Multicoloured Printed Lifestyle Shoes ,0,0,REFLETE,1000,252,226.8,201.6,176.4,151.2,Make a note to get noticed when you slip on this pair of belly shoes from the house of Reflete. Feel out-of-the-world comfort wearing this pair of belly shoes with Thermoplastic Rubber sole. Make the guys go weak in the knees as you adorn this pair with a maxi맋ress마nd a collar neckpiece.,"Make a note to get noticed when you slip on this pair of belly shoes from the house of Reflete. Feel out-of-the-world comfort wearing this pair of belly shoes with Thermoplastic Rubber sole. Make the guys go weak in the knees as you adorn this pair with a maxi맋ress마nd a collar neckpiece.
Variation Size: 40 EU
Variation Color: BlackClosure : Slip-on. 
Heel Height : Low Heel. 
Heel Shape : Wedges. 
Sole Material : TPR. 
Toe Shape : Round Toe. 
Package Length: 31
Package Width: 16
Package Height: 12
Package Weight: 400"
Fashion,Shoes & Accessories,PAS-SHW-120-41,PAS-SHW-120-41,Enable,Reflete Multicoloured Printed Lifestyle Shoes ,0,0,REFLETE,1000,252,226.8,201.6,176.4,151.2,Make a note to get noticed when you slip on this pair of belly shoes from the house of Reflete. Feel out-of-the-world comfort wearing this pair of belly shoes with Thermoplastic Rubber sole. Make the guys go weak in the knees as you adorn this pair with a maxi맋ress마nd a collar neckpiece.,"Make a note to get noticed when you slip on this pair of belly shoes from the house of Reflete. Feel out-of-the-world comfort wearing this pair of belly shoes with Thermoplastic Rubber sole. Make the guys go weak in the knees as you adorn this pair with a maxi맋ress마nd a collar neckpiece.
Variation Size: 41 EU
Variation Color: BlackClosure : Slip-on. 
Heel Height : Low Heel. 
Heel Shape : Wedges. 
Sole Material : TPR. 
Toe Shape : Round Toe. 
Package Length: 31
Package Width: 16
Package Height: 12
Package Weight: 400"
Fashion,Shoes & Accessories,PAS-SHW-120-42,PAS-SHW-120-42,Enable,Reflete Multicoloured Printed Lifestyle Shoes ,0,0,REFLETE,1000,252,226.8,201.6,176.4,151.2,Make a note to get noticed when you slip on this pair of belly shoes from the house of Reflete. Feel out-of-the-world comfort wearing this pair of belly shoes with Thermoplastic Rubber sole. Make the guys go weak in the knees as you adorn this pair with a maxi맋ress마nd a collar neckpiece.,"Make a note to get noticed when you slip on this pair of belly shoes from the house of Reflete. Feel out-of-the-world comfort wearing this pair of belly shoes with Thermoplastic Rubber sole. Make the guys go weak in the knees as you adorn this pair with a maxi맋ress마nd a collar neckpiece.
Variation Size: 42 EU
Variation Color: BlackClosure : Slip-on. 
Heel Height : Low Heel. 
Heel Shape : Wedges. 
Sole Material : TPR. 
Toe Shape : Round Toe. 
Package Length: 31
Package Width: 16
Package Height: 12
Package Weight: 400"
Fashion,Shoes & Accessories,PAS-SHW-126-36,PAS-SHW-126-36,Enable,Reflete Multicoloured Printed Lifestyle Shoes ,0,0,REFLETE,1000,264,237.6,211.2,184.8,158.4,Make a note to get noticed when you slip on this pair of belly shoes from the house of Reflete. Feel out-of-the-world comfort wearing this pair of belly shoes with Thermoplastic Rubber sole. Make the guys go weak in the knees as you adorn this pair with a maxi맋ress마nd a collar neckpiece.,"Make a note to get noticed when you slip on this pair of belly shoes from the house of Reflete. Feel out-of-the-world comfort wearing this pair of belly shoes with Thermoplastic Rubber sole. Make the guys go weak in the knees as you adorn this pair with a maxi맋ress마nd a collar neckpiece.
Variation Size: 36 EU
Variation Color: BlackClosure : Lace. 
Heel Height : Low Heel. 
Heel Shape : Wedges. 
Sole Material : TPR. 
Toe Shape : Round Toe. 
Package Length: 31
Package Width: 16
Package Height: 12
Package Weight: 400"
Fashion,Shoes & Accessories,PAS-SHW-126-37,PAS-SHW-126-37,Enable,Reflete Multicoloured Printed Lifestyle Shoes ,0,0,REFLETE,1000,264,237.6,211.2,184.8,158.4,Make a note to get noticed when you slip on this pair of belly shoes from the house of Reflete. Feel out-of-the-world comfort wearing this pair of belly shoes with Thermoplastic Rubber sole. Make the guys go weak in the knees as you adorn this pair with a maxi맋ress마nd a collar neckpiece.,"Make a note to get noticed when you slip on this pair of belly shoes from the house of Reflete. Feel out-of-the-world comfort wearing this pair of belly shoes with Thermoplastic Rubber sole. Make the guys go weak in the knees as you adorn this pair with a maxi맋ress마nd a collar neckpiece.
Variation Size: 37 EU
Variation Color: BlackClosure : Lace. 
Heel Height : Low Heel. 
Heel Shape : Wedges. 
Sole Material : TPR. 
Toe Shape : Round Toe. 
Package Length: 31
Package Width: 16
Package Height: 12
Package Weight: 400"
Fashion,Shoes & Accessories,PAS-SHW-126-38,PAS-SHW-126-38,Enable,Reflete Multicoloured Printed Lifestyle Shoes ,0,0,REFLETE,1000,264,237.6,211.2,184.8,158.4,Make a note to get noticed when you slip on this pair of belly shoes from the house of Reflete. Feel out-of-the-world comfort wearing this pair of belly shoes with Thermoplastic Rubber sole. Make the guys go weak in the knees as you adorn this pair with a maxi맋ress마nd a collar neckpiece.,"Make a note to get noticed when you slip on this pair of belly shoes from the house of Reflete. Feel out-of-the-world comfort wearing this pair of belly shoes with Thermoplastic Rubber sole. Make the guys go weak in the knees as you adorn this pair with a maxi맋ress마nd a collar neckpiece.
Variation Size: 38 EU
Variation Color: BlackClosure : Lace. 
Heel Height : Low Heel. 
Heel Shape : Wedges. 
Sole Material : TPR. 
Toe Shape : Round Toe. 
Package Length: 31
Package Width: 16
Package Height: 12
Package Weight: 400"
Fashion,Shoes & Accessories,PAS-SHW-126-39,PAS-SHW-126-39,Enable,Reflete Multicoloured Printed Lifestyle Shoes ,0,0,REFLETE,1000,264,237.6,211.2,184.8,158.4,Make a note to get noticed when you slip on this pair of belly shoes from the house of Reflete. Feel out-of-the-world comfort wearing this pair of belly shoes with Thermoplastic Rubber sole. Make the guys go weak in the knees as you adorn this pair with a maxi맋ress마nd a collar neckpiece.,"Make a note to get noticed when you slip on this pair of belly shoes from the house of Reflete. Feel out-of-the-world comfort wearing this pair of belly shoes with Thermoplastic Rubber sole. Make the guys go weak in the knees as you adorn this pair with a maxi맋ress마nd a collar neckpiece.
Variation Size: 39 EU
Variation Color: BlackClosure : Lace. 
Heel Height : Low Heel. 
Heel Shape : Wedges. 
Sole Material : TPR. 
Toe Shape : Round Toe. 
Package Length: 31
Package Width: 16
Package Height: 12
Package Weight: 400"
Fashion,Shoes & Accessories,PAS-SHW-126-40,PAS-SHW-126-40,Enable,Reflete Multicoloured Printed Lifestyle Shoes ,0,0,REFLETE,1000,264,237.6,211.2,184.8,158.4,Make a note to get noticed when you slip on this pair of belly shoes from the house of Reflete. Feel out-of-the-world comfort wearing this pair of belly shoes with Thermoplastic Rubber sole. Make the guys go weak in the knees as you adorn this pair with a maxi맋ress마nd a collar neckpiece.,"Make a note to get noticed when you slip on this pair of belly shoes from the house of Reflete. Feel out-of-the-world comfort wearing this pair of belly shoes with Thermoplastic Rubber sole. Make the guys go weak in the knees as you adorn this pair with a maxi맋ress마nd a collar neckpiece.
Variation Size: 40 EU
Variation Color: BlackClosure : Lace. 
Heel Height : Low Heel. 
Heel Shape : Wedges. 
Sole Material : TPR. 
Toe Shape : Round Toe. 
Package Length: 31
Package Width: 16
Package Height: 12
Package Weight: 400"
Fashion,Shoes & Accessories,PAS-SHW-126-41,PAS-SHW-126-41,Enable,Reflete Multicoloured Printed Lifestyle Shoes ,0,0,REFLETE,1000,264,237.6,211.2,184.8,158.4,Make a note to get noticed when you slip on this pair of belly shoes from the house of Reflete. Feel out-of-the-world comfort wearing this pair of belly shoes with Thermoplastic Rubber sole. Make the guys go weak in the knees as you adorn this pair with a maxi맋ress마nd a collar neckpiece.,"Make a note to get noticed when you slip on this pair of belly shoes from the house of Reflete. Feel out-of-the-world comfort wearing this pair of belly shoes with Thermoplastic Rubber sole. Make the guys go weak in the knees as you adorn this pair with a maxi맋ress마nd a collar neckpiece.
Variation Size: 41 EU
Variation Color: BlackClosure : Lace. 
Heel Height : Low Heel. 
Heel Shape : Wedges. 
Sole Material : TPR. 
Toe Shape : Round Toe. 
Package Length: 31
Package Width: 16
Package Height: 12
Package Weight: 400"
Fashion,Shoes & Accessories,PAS-SHW-126-42,PAS-SHW-126-42,Enable,Reflete Multicoloured Printed Lifestyle Shoes ,0,0,REFLETE,1000,264,237.6,211.2,184.8,158.4,Make a note to get noticed when you slip on this pair of belly shoes from the house of Reflete. Feel out-of-the-world comfort wearing this pair of belly shoes with Thermoplastic Rubber sole. Make the guys go weak in the knees as you adorn this pair with a maxi맋ress마nd a collar neckpiece.,"Make a note to get noticed when you slip on this pair of belly shoes from the house of Reflete. Feel out-of-the-world comfort wearing this pair of belly shoes with Thermoplastic Rubber sole. Make the guys go weak in the knees as you adorn this pair with a maxi맋ress마nd a collar neckpiece.
Variation Size: 42 EU
Variation Color: BlackClosure : Lace. 
Heel Height : Low Heel. 
Heel Shape : Wedges. 
Sole Material : TPR. 
Toe Shape : Round Toe. 
Package Length: 31
Package Width: 16
Package Height: 12
Package Weight: 400"
Fashion,Shoes & Accessories,PAS-SHW-103-36,PAS-SHW-103-36,Enable,Reflete Multicoloured Printed Lifestyle Shoes ,0,0,REFLETE,1000,264,237.6,211.2,184.8,158.4,Make a note to get noticed when you slip on this pair of belly shoes from the house of Reflete. Feel out-of-the-world comfort wearing this pair of belly shoes with Thermoplastic Rubber sole. Make the guys go weak in the knees as you adorn this pair with a maxi맋ress마nd a collar neckpiece.,"Make a note to get noticed when you slip on this pair of belly shoes from the house of Reflete. Feel out-of-the-world comfort wearing this pair of belly shoes with Thermoplastic Rubber sole. Make the guys go weak in the knees as you adorn this pair with a maxi맋ress마nd a collar neckpiece.
Variation Size: 36 EU
Variation Color: PinkClosure : Slip-on. 
Heel Height : Low Heel. 
Heel Shape : Wedges. 
Sole Material : TPR. 
Toe Shape : Round Toe. 
Package Length: 31
Package Width: 16
Package Height: 12
Package Weight: 400"
Fashion,Shoes & Accessories,PAS-SHW-103-37,PAS-SHW-103-37,Enable,Reflete Multicoloured Printed Lifestyle Shoes ,0,0,REFLETE,1000,264,237.6,211.2,184.8,158.4,Make a note to get noticed when you slip on this pair of belly shoes from the house of Reflete. Feel out-of-the-world comfort wearing this pair of belly shoes with Thermoplastic Rubber sole. Make the guys go weak in the knees as you adorn this pair with a maxi맋ress마nd a collar neckpiece.,"Make a note to get noticed when you slip on this pair of belly shoes from the house of Reflete. Feel out-of-the-world comfort wearing this pair of belly shoes with Thermoplastic Rubber sole. Make the guys go weak in the knees as you adorn this pair with a maxi맋ress마nd a collar neckpiece.
Variation Size: 37 EU
Variation Color: PinkClosure : Slip-on. 
Heel Height : Low Heel. 
Heel Shape : Wedges. 
Sole Material : TPR. 
Toe Shape : Round Toe. 
Package Length: 31
Package Width: 16
Package Height: 12
Package Weight: 400"
Fashion,Shoes & Accessories,PAS-SHW-103-38,PAS-SHW-103-38,Enable,Reflete Multicoloured Printed Lifestyle Shoes ,0,0,REFLETE,1000,264,237.6,211.2,184.8,158.4,Make a note to get noticed when you slip on this pair of belly shoes from the house of Reflete. Feel out-of-the-world comfort wearing this pair of belly shoes with Thermoplastic Rubber sole. Make the guys go weak in the knees as you adorn this pair with a maxi맋ress마nd a collar neckpiece.,"Make a note to get noticed when you slip on this pair of belly shoes from the house of Reflete. Feel out-of-the-world comfort wearing this pair of belly shoes with Thermoplastic Rubber sole. Make the guys go weak in the knees as you adorn this pair with a maxi맋ress마nd a collar neckpiece.
Variation Size: 38 EU
Variation Color: PinkClosure : Slip-on. 
Heel Height : Low Heel. 
Heel Shape : Wedges. 
Sole Material : TPR. 
Toe Shape : Round Toe. 
Package Length: 31
Package Width: 16
Package Height: 12
Package Weight: 400"
Fashion,Shoes & Accessories,PAS-SHW-103-39,PAS-SHW-103-39,Enable,Reflete Multicoloured Printed Lifestyle Shoes ,0,0,REFLETE,1000,264,237.6,211.2,184.8,158.4,Make a note to get noticed when you slip on this pair of belly shoes from the house of Reflete. Feel out-of-the-world comfort wearing this pair of belly shoes with Thermoplastic Rubber sole. Make the guys go weak in the knees as you adorn this pair with a maxi맋ress마nd a collar neckpiece.,"Make a note to get noticed when you slip on this pair of belly shoes from the house of Reflete. Feel out-of-the-world comfort wearing this pair of belly shoes with Thermoplastic Rubber sole. Make the guys go weak in the knees as you adorn this pair with a maxi맋ress마nd a collar neckpiece.
Variation Size: 39 EU
Variation Color: PinkClosure : Slip-on. 
Heel Height : Low Heel. 
Heel Shape : Wedges. 
Sole Material : TPR. 
Toe Shape : Round Toe. 
Package Length: 31
Package Width: 16
Package Height: 12
Package Weight: 400"
Fashion,Shoes & Accessories,PAS-SHW-103-40,PAS-SHW-103-40,Enable,Reflete Multicoloured Printed Lifestyle Shoes ,0,0,REFLETE,1000,264,237.6,211.2,184.8,158.4,Make a note to get noticed when you slip on this pair of belly shoes from the house of Reflete. Feel out-of-the-world comfort wearing this pair of belly shoes with Thermoplastic Rubber sole. Make the guys go weak in the knees as you adorn this pair with a maxi맋ress마nd a collar neckpiece.,"Make a note to get noticed when you slip on this pair of belly shoes from the house of Reflete. Feel out-of-the-world comfort wearing this pair of belly shoes with Thermoplastic Rubber sole. Make the guys go weak in the knees as you adorn this pair with a maxi맋ress마nd a collar neckpiece.
Variation Size: 40 EU
Variation Color: PinkClosure : Slip-on. 
Heel Height : Low Heel. 
Heel Shape : Wedges. 
Sole Material : TPR. 
Toe Shape : Round Toe. 
Package Length: 31
Package Width: 16
Package Height: 12
Package Weight: 400"
Fashion,Shoes & Accessories,PAS-SHW-103-41,PAS-SHW-103-41,Enable,Reflete Multicoloured Printed Lifestyle Shoes ,0,0,REFLETE,1000,264,237.6,211.2,184.8,158.4,Make a note to get noticed when you slip on this pair of belly shoes from the house of Reflete. Feel out-of-the-world comfort wearing this pair of belly shoes with Thermoplastic Rubber sole. Make the guys go weak in the knees as you adorn this pair with a maxi맋ress마nd a collar neckpiece.,"Make a note to get noticed when you slip on this pair of belly shoes from the house of Reflete. Feel out-of-the-world comfort wearing this pair of belly shoes with Thermoplastic Rubber sole. Make the guys go weak in the knees as you adorn this pair with a maxi맋ress마nd a collar neckpiece.
Variation Size: 41 EU
Variation Color: PinkClosure : Slip-on. 
Heel Height : Low Heel. 
Heel Shape : Wedges. 
Sole Material : TPR. 
Toe Shape : Round Toe. 
Package Length: 31
Package Width: 16
Package Height: 12
Package Weight: 400"
Fashion,Shoes & Accessories,PAS-SHW-103-42,PAS-SHW-103-42,Enable,Reflete Multicoloured Printed Lifestyle Shoes ,0,0,REFLETE,1000,264,237.6,211.2,184.8,158.4,Make a note to get noticed when you slip on this pair of belly shoes from the house of Reflete. Feel out-of-the-world comfort wearing this pair of belly shoes with Thermoplastic Rubber sole. Make the guys go weak in the knees as you adorn this pair with a maxi맋ress마nd a collar neckpiece.,"Make a note to get noticed when you slip on this pair of belly shoes from the house of Reflete. Feel out-of-the-world comfort wearing this pair of belly shoes with Thermoplastic Rubber sole. Make the guys go weak in the knees as you adorn this pair with a maxi맋ress마nd a collar neckpiece.
Variation Size: 42 EU
Variation Color: PinkClosure : Slip-on. 
Heel Height : Low Heel. 
Heel Shape : Wedges. 
Sole Material : TPR. 
Toe Shape : Round Toe. 
Package Length: 31
Package Width: 16
Package Height: 12
Package Weight: 400"
Fashion,Shoes & Accessories,PAS-SHW-123-36,PAS-SHW-123-36,Enable,Reflete Multicoloured Printed Lifestyle Shoes ,0,0,REFLETE,1000,241,216.9,192.8,168.7,144.6,Make a note to get noticed when you slip on this pair of belly shoes from the house of Reflete. Feel out-of-the-world comfort wearing this pair of belly shoes with Thermoplastic Rubber sole. Make the guys go weak in the knees as you adorn this pair with a maxi맋ress마nd a collar neckpiece.,"Make a note to get noticed when you slip on this pair of belly shoes from the house of Reflete. Feel out-of-the-world comfort wearing this pair of belly shoes with Thermoplastic Rubber sole. Make the guys go weak in the knees as you adorn this pair with a maxi맋ress마nd a collar neckpiece.
Variation Size: 36 EU
Variation Color: CreamClosure : Slip-on. 
Heel Height : Low Heel. 
Heel Shape : Wedges. 
Sole Material : TPR. 
Toe Shape : Round Toe. 
Package Length: 31
Package Width: 16
Package Height: 12
Package Weight: 400"
Fashion,Shoes & Accessories,PAS-SHW-123-37,PAS-SHW-123-37,Enable,Reflete Multicoloured Printed Lifestyle Shoes ,0,0,REFLETE,1000,241,216.9,192.8,168.7,144.6,Make a note to get noticed when you slip on this pair of belly shoes from the house of Reflete. Feel out-of-the-world comfort wearing this pair of belly shoes with Thermoplastic Rubber sole. Make the guys go weak in the knees as you adorn this pair with a maxi맋ress마nd a collar neckpiece.,"Make a note to get noticed when you slip on this pair of belly shoes from the house of Reflete. Feel out-of-the-world comfort wearing this pair of belly shoes with Thermoplastic Rubber sole. Make the guys go weak in the knees as you adorn this pair with a maxi맋ress마nd a collar neckpiece.
Variation Size: 37 EU
Variation Color: CreamClosure : Slip-on. 
Heel Height : Low Heel. 
Heel Shape : Wedges. 
Sole Material : TPR. 
Toe Shape : Round Toe. 
Package Length: 31
Package Width: 16
Package Height: 12
Package Weight: 400"
Fashion,Shoes & Accessories,PAS-SHW-123-38,PAS-SHW-123-38,Enable,Reflete Multicoloured Printed Lifestyle Shoes ,0,0,REFLETE,1000,241,216.9,192.8,168.7,144.6,Make a note to get noticed when you slip on this pair of belly shoes from the house of Reflete. Feel out-of-the-world comfort wearing this pair of belly shoes with Thermoplastic Rubber sole. Make the guys go weak in the knees as you adorn this pair with a maxi맋ress마nd a collar neckpiece.,"Make a note to get noticed when you slip on this pair of belly shoes from the house of Reflete. Feel out-of-the-world comfort wearing this pair of belly shoes with Thermoplastic Rubber sole. Make the guys go weak in the knees as you adorn this pair with a maxi맋ress마nd a collar neckpiece.
Variation Size: 38 EU
Variation Color: CreamClosure : Slip-on. 
Heel Height : Low Heel. 
Heel Shape : Wedges. 
Sole Material : TPR. 
Toe Shape : Round Toe. 
Package Length: 31
Package Width: 16
Package Height: 12
Package Weight: 400"
Fashion,Shoes & Accessories,PAS-SHW-123-39,PAS-SHW-123-39,Enable,Reflete Multicoloured Printed Lifestyle Shoes ,0,0,REFLETE,1000,241,216.9,192.8,168.7,144.6,Make a note to get noticed when you slip on this pair of belly shoes from the house of Reflete. Feel out-of-the-world comfort wearing this pair of belly shoes with Thermoplastic Rubber sole. Make the guys go weak in the knees as you adorn this pair with a maxi맋ress마nd a collar neckpiece.,"Make a note to get noticed when you slip on this pair of belly shoes from the house of Reflete. Feel out-of-the-world comfort wearing this pair of belly shoes with Thermoplastic Rubber sole. Make the guys go weak in the knees as you adorn this pair with a maxi맋ress마nd a collar neckpiece.
Variation Size: 39 EU
Variation Color: CreamClosure : Slip-on. 
Heel Height : Low Heel. 
Heel Shape : Wedges. 
Sole Material : TPR. 
Toe Shape : Round Toe. 
Package Length: 31
Package Width: 16
Package Height: 12
Package Weight: 400"
Fashion,Shoes & Accessories,PAS-SHW-123-40,PAS-SHW-123-40,Enable,Reflete Multicoloured Printed Lifestyle Shoes ,0,0,REFLETE,1000,241,216.9,192.8,168.7,144.6,Make a note to get noticed when you slip on this pair of belly shoes from the house of Reflete. Feel out-of-the-world comfort wearing this pair of belly shoes with Thermoplastic Rubber sole. Make the guys go weak in the knees as you adorn this pair with a maxi맋ress마nd a collar neckpiece.,"Make a note to get noticed when you slip on this pair of belly shoes from the house of Reflete. Feel out-of-the-world comfort wearing this pair of belly shoes with Thermoplastic Rubber sole. Make the guys go weak in the knees as you adorn this pair with a maxi맋ress마nd a collar neckpiece.
Variation Size: 40 EU
Variation Color: CreamClosure : Slip-on. 
Heel Height : Low Heel. 
Heel Shape : Wedges. 
Sole Material : TPR. 
Toe Shape : Round Toe. 
Package Length: 31
Package Width: 16
Package Height: 12
Package Weight: 400"
Fashion,Shoes & Accessories,PAS-SHW-123-41,PAS-SHW-123-41,Enable,Reflete Multicoloured Printed Lifestyle Shoes ,0,0,REFLETE,1000,241,216.9,192.8,168.7,144.6,Make a note to get noticed when you slip on this pair of belly shoes from the house of Reflete. Feel out-of-the-world comfort wearing this pair of belly shoes with Thermoplastic Rubber sole. Make the guys go weak in the knees as you adorn this pair with a maxi맋ress마nd a collar neckpiece.,"Make a note to get noticed when you slip on this pair of belly shoes from the house of Reflete. Feel out-of-the-world comfort wearing this pair of belly shoes with Thermoplastic Rubber sole. Make the guys go weak in the knees as you adorn this pair with a maxi맋ress마nd a collar neckpiece.
Variation Size: 41 EU
Variation Color: CreamClosure : Slip-on. 
Heel Height : Low Heel. 
Heel Shape : Wedges. 
Sole Material : TPR. 
Toe Shape : Round Toe. 
Package Length: 31
Package Width: 16
Package Height: 12
Package Weight: 400"
Fashion,Shoes & Accessories,PAS-SHW-123-42,PAS-SHW-123-42,Enable,Reflete Multicoloured Printed Lifestyle Shoes ,0,0,REFLETE,1000,241,216.9,192.8,168.7,144.6,Make a note to get noticed when you slip on this pair of belly shoes from the house of Reflete. Feel out-of-the-world comfort wearing this pair of belly shoes with Thermoplastic Rubber sole. Make the guys go weak in the knees as you adorn this pair with a maxi맋ress마nd a collar neckpiece.,"Make a note to get noticed when you slip on this pair of belly shoes from the house of Reflete. Feel out-of-the-world comfort wearing this pair of belly shoes with Thermoplastic Rubber sole. Make the guys go weak in the knees as you adorn this pair with a maxi맋ress마nd a collar neckpiece.
Variation Size: 42 EU
Variation Color: CreamClosure : Slip-on. 
Heel Height : Low Heel. 
Heel Shape : Wedges. 
Sole Material : TPR. 
Toe Shape : Round Toe. 
Package Length: 31
Package Width: 16
Package Height: 12
Package Weight: 400"
Fashion,Shoes & Accessories,PAS-SHW-130-36,PAS-SHW-130-36,Enable,Reflete Multicoloured Printed Lifestyle Shoes ,0,0,REFLETE,1000,241,216.9,192.8,168.7,144.6,Make a note to get noticed when you slip on this pair of belly shoes from the house of Reflete. Feel out-of-the-world comfort wearing this pair of belly shoes with Thermoplastic Rubber sole. Make the guys go weak in the knees as you adorn this pair with a maxi맋ress마nd a collar neckpiece.,"Make a note to get noticed when you slip on this pair of belly shoes from the house of Reflete. Feel out-of-the-world comfort wearing this pair of belly shoes with Thermoplastic Rubber sole. Make the guys go weak in the knees as you adorn this pair with a maxi맋ress마nd a collar neckpiece.
Variation Size: 36 EU
Variation Color: GreenClosure : Slip-on. 
Heel Height : Low Heel. 
Heel Shape : Wedges. 
Sole Material : TPR. 
Toe Shape : Round Toe. 
Package Length: 31
Package Width: 16
Package Height: 12
Package Weight: 400"
Fashion,Shoes & Accessories,PAS-SHW-130-37,PAS-SHW-130-37,Enable,Reflete Multicoloured Printed Lifestyle Shoes ,0,0,REFLETE,1000,241,216.9,192.8,168.7,144.6,Make a note to get noticed when you slip on this pair of belly shoes from the house of Reflete. Feel out-of-the-world comfort wearing this pair of belly shoes with Thermoplastic Rubber sole. Make the guys go weak in the knees as you adorn this pair with a maxi맋ress마nd a collar neckpiece.,"Make a note to get noticed when you slip on this pair of belly shoes from the house of Reflete. Feel out-of-the-world comfort wearing this pair of belly shoes with Thermoplastic Rubber sole. Make the guys go weak in the knees as you adorn this pair with a maxi맋ress마nd a collar neckpiece.
Variation Size: 37 EU
Variation Color: GreenClosure : Slip-on. 
Heel Height : Low Heel. 
Heel Shape : Wedges. 
Sole Material : TPR. 
Toe Shape : Round Toe. 
Package Length: 31
Package Width: 16
Package Height: 12
Package Weight: 400"
Fashion,Shoes & Accessories,PAS-SHW-130-38,PAS-SHW-130-38,Enable,Reflete Multicoloured Printed Lifestyle Shoes ,0,0,REFLETE,1000,241,216.9,192.8,168.7,144.6,Make a note to get noticed when you slip on this pair of belly shoes from the house of Reflete. Feel out-of-the-world comfort wearing this pair of belly shoes with Thermoplastic Rubber sole. Make the guys go weak in the knees as you adorn this pair with a maxi맋ress마nd a collar neckpiece.,"Make a note to get noticed when you slip on this pair of belly shoes from the house of Reflete. Feel out-of-the-world comfort wearing this pair of belly shoes with Thermoplastic Rubber sole. Make the guys go weak in the knees as you adorn this pair with a maxi맋ress마nd a collar neckpiece.
Variation Size: 38 EU
Variation Color: GreenClosure : Slip-on. 
Heel Height : Low Heel. 
Heel Shape : Wedges. 
Sole Material : TPR. 
Toe Shape : Round Toe. 
Package Length: 31
Package Width: 16
Package Height: 12
Package Weight: 400"
Fashion,Shoes & Accessories,PAS-SHW-130-39,PAS-SHW-130-39,Enable,Reflete Multicoloured Printed Lifestyle Shoes ,0,0,REFLETE,1000,241,216.9,192.8,168.7,144.6,Make a note to get noticed when you slip on this pair of belly shoes from the house of Reflete. Feel out-of-the-world comfort wearing this pair of belly shoes with Thermoplastic Rubber sole. Make the guys go weak in the knees as you adorn this pair with a maxi맋ress마nd a collar neckpiece.,"Make a note to get noticed when you slip on this pair of belly shoes from the house of Reflete. Feel out-of-the-world comfort wearing this pair of belly shoes with Thermoplastic Rubber sole. Make the guys go weak in the knees as you adorn this pair with a maxi맋ress마nd a collar neckpiece.
Variation Size: 39 EU
Variation Color: GreenClosure : Slip-on. 
Heel Height : Low Heel. 
Heel Shape : Wedges. 
Sole Material : TPR. 
Toe Shape : Round Toe. 
Package Length: 31
Package Width: 16
Package Height: 12
Package Weight: 400"
Fashion,Shoes & Accessories,PAS-SHW-130-40,PAS-SHW-130-40,Enable,Reflete Multicoloured Printed Lifestyle Shoes ,0,0,REFLETE,1000,241,216.9,192.8,168.7,144.6,Make a note to get noticed when you slip on this pair of belly shoes from the house of Reflete. Feel out-of-the-world comfort wearing this pair of belly shoes with Thermoplastic Rubber sole. Make the guys go weak in the knees as you adorn this pair with a maxi맋ress마nd a collar neckpiece.,"Make a note to get noticed when you slip on this pair of belly shoes from the house of Reflete. Feel out-of-the-world comfort wearing this pair of belly shoes with Thermoplastic Rubber sole. Make the guys go weak in the knees as you adorn this pair with a maxi맋ress마nd a collar neckpiece.
Variation Size: 40 EU
Variation Color: GreenClosure : Slip-on. 
Heel Height : Low Heel. 
Heel Shape : Wedges. 
Sole Material : TPR. 
Toe Shape : Round Toe. 
Package Length: 31
Package Width: 16
Package Height: 12
Package Weight: 400"
Fashion,Shoes & Accessories,PAS-SHW-130-41,PAS-SHW-130-41,Enable,Reflete Multicoloured Printed Lifestyle Shoes ,0,0,REFLETE,1000,241,216.9,192.8,168.7,144.6,Make a note to get noticed when you slip on this pair of belly shoes from the house of Reflete. Feel out-of-the-world comfort wearing this pair of belly shoes with Thermoplastic Rubber sole. Make the guys go weak in the knees as you adorn this pair with a maxi맋ress마nd a collar neckpiece.,"Make a note to get noticed when you slip on this pair of belly shoes from the house of Reflete. Feel out-of-the-world comfort wearing this pair of belly shoes with Thermoplastic Rubber sole. Make the guys go weak in the knees as you adorn this pair with a maxi맋ress마nd a collar neckpiece.
Variation Size: 41 EU
Variation Color: GreenClosure : Slip-on. 
Heel Height : Low Heel. 
Heel Shape : Wedges. 
Sole Material : TPR. 
Toe Shape : Round Toe. 
Package Length: 31
Package Width: 16
Package Height: 12
Package Weight: 400"
Fashion,Shoes & Accessories,PAS-SHW-130-42,PAS-SHW-130-42,Enable,Reflete Multicoloured Printed Lifestyle Shoes ,0,0,REFLETE,1000,241,216.9,192.8,168.7,144.6,Make a note to get noticed when you slip on this pair of belly shoes from the house of Reflete. Feel out-of-the-world comfort wearing this pair of belly shoes with Thermoplastic Rubber sole. Make the guys go weak in the knees as you adorn this pair with a maxi맋ress마nd a collar neckpiece.,"Make a note to get noticed when you slip on this pair of belly shoes from the house of Reflete. Feel out-of-the-world comfort wearing this pair of belly shoes with Thermoplastic Rubber sole. Make the guys go weak in the knees as you adorn this pair with a maxi맋ress마nd a collar neckpiece.
Variation Size: 42 EU
Variation Color: GreenClosure : Slip-on. 
Heel Height : Low Heel. 
Heel Shape : Wedges. 
Sole Material : TPR. 
Toe Shape : Round Toe. 
Package Length: 31
Package Width: 16
Package Height: 12
Package Weight: 400"
Fashion,Shoes & Accessories,PAS-SHW-131-36,PAS-SHW-131-36,Enable,Reflete Multicoloured Printed Lifestyle Shoes ,0,0,REFLETE,1000,264,237.6,211.2,184.8,158.4,Make a note to get noticed when you slip on this pair of belly shoes from the house of Reflete. Feel out-of-the-world comfort wearing this pair of belly shoes with Thermoplastic Rubber sole. Make the guys go weak in the knees as you adorn this pair with a maxi맋ress마nd a collar neckpiece.,"Make a note to get noticed when you slip on this pair of belly shoes from the house of Reflete. Feel out-of-the-world comfort wearing this pair of belly shoes with Thermoplastic Rubber sole. Make the guys go weak in the knees as you adorn this pair with a maxi맋ress마nd a collar neckpiece.
Variation Size: 36 EU
Variation Color: BlueClosure : Slip-on. 
Heel Height : Low Heel. 
Heel Shape : Wedges. 
Sole Material : TPR. 
Toe Shape : Round Toe. 
Package Length: 31
Package Width: 16
Package Height: 12
Package Weight: 400"
Fashion,Shoes & Accessories,PAS-SHW-131-37,PAS-SHW-131-37,Enable,Reflete Multicoloured Printed Lifestyle Shoes ,0,0,REFLETE,1000,264,237.6,211.2,184.8,158.4,Make a note to get noticed when you slip on this pair of belly shoes from the house of Reflete. Feel out-of-the-world comfort wearing this pair of belly shoes with Thermoplastic Rubber sole. Make the guys go weak in the knees as you adorn this pair with a maxi맋ress마nd a collar neckpiece.,"Make a note to get noticed when you slip on this pair of belly shoes from the house of Reflete. Feel out-of-the-world comfort wearing this pair of belly shoes with Thermoplastic Rubber sole. Make the guys go weak in the knees as you adorn this pair with a maxi맋ress마nd a collar neckpiece.
Variation Size: 37 EU
Variation Color: BlueClosure : Slip-on. 
Heel Height : Low Heel. 
Heel Shape : Wedges. 
Sole Material : TPR. 
Toe Shape : Round Toe. 
Package Length: 31
Package Width: 16
Package Height: 12
Package Weight: 400"
Fashion,Shoes & Accessories,PAS-SHW-131-38,PAS-SHW-131-38,Enable,Reflete Multicoloured Printed Lifestyle Shoes ,0,0,REFLETE,1000,264,237.6,211.2,184.8,158.4,Make a note to get noticed when you slip on this pair of belly shoes from the house of Reflete. Feel out-of-the-world comfort wearing this pair of belly shoes with Thermoplastic Rubber sole. Make the guys go weak in the knees as you adorn this pair with a maxi맋ress마nd a collar neckpiece.,"Make a note to get noticed when you slip on this pair of belly shoes from the house of Reflete. Feel out-of-the-world comfort wearing this pair of belly shoes with Thermoplastic Rubber sole. Make the guys go weak in the knees as you adorn this pair with a maxi맋ress마nd a collar neckpiece.
Variation Size: 38 EU
Variation Color: BlueClosure : Slip-on. 
Heel Height : Low Heel. 
Heel Shape : Wedges. 
Sole Material : TPR. 
Toe Shape : Round Toe. 
Package Length: 31
Package Width: 16
Package Height: 12
Package Weight: 400"
Fashion,Shoes & Accessories,PAS-SHW-131-39,PAS-SHW-131-39,Enable,Reflete Multicoloured Printed Lifestyle Shoes ,0,0,REFLETE,1000,264,237.6,211.2,184.8,158.4,Make a note to get noticed when you slip on this pair of belly shoes from the house of Reflete. Feel out-of-the-world comfort wearing this pair of belly shoes with Thermoplastic Rubber sole. Make the guys go weak in the knees as you adorn this pair with a maxi맋ress마nd a collar neckpiece.,"Make a note to get noticed when you slip on this pair of belly shoes from the house of Reflete. Feel out-of-the-world comfort wearing this pair of belly shoes with Thermoplastic Rubber sole. Make the guys go weak in the knees as you adorn this pair with a maxi맋ress마nd a collar neckpiece.
Variation Size: 39 EU
Variation Color: BlueClosure : Slip-on. 
Heel Height : Low Heel. 
Heel Shape : Wedges. 
Sole Material : TPR. 
Toe Shape : Round Toe. 
Package Length: 31
Package Width: 16
Package Height: 12
Package Weight: 400"
Fashion,Shoes & Accessories,PAS-SHW-131-40,PAS-SHW-131-40,Enable,Reflete Multicoloured Printed Lifestyle Shoes ,0,0,REFLETE,1000,264,237.6,211.2,184.8,158.4,Make a note to get noticed when you slip on this pair of belly shoes from the house of Reflete. Feel out-of-the-world comfort wearing this pair of belly shoes with Thermoplastic Rubber sole. Make the guys go weak in the knees as you adorn this pair with a maxi맋ress마nd a collar neckpiece.,"Make a note to get noticed when you slip on this pair of belly shoes from the house of Reflete. Feel out-of-the-world comfort wearing this pair of belly shoes with Thermoplastic Rubber sole. Make the guys go weak in the knees as you adorn this pair with a maxi맋ress마nd a collar neckpiece.
Variation Size: 40 EU
Variation Color: BlueClosure : Slip-on. 
Heel Height : Low Heel. 
Heel Shape : Wedges. 
Sole Material : TPR. 
Toe Shape : Round Toe. 
Package Length: 31
Package Width: 16
Package Height: 12
Package Weight: 400"
Fashion,Shoes & Accessories,PAS-SHW-131-41,PAS-SHW-131-41,Enable,Reflete Multicoloured Printed Lifestyle Shoes ,0,0,REFLETE,1000,264,237.6,211.2,184.8,158.4,Make a note to get noticed when you slip on this pair of belly shoes from the house of Reflete. Feel out-of-the-world comfort wearing this pair of belly shoes with Thermoplastic Rubber sole. Make the guys go weak in the knees as you adorn this pair with a maxi맋ress마nd a collar neckpiece.,"Make a note to get noticed when you slip on this pair of belly shoes from the house of Reflete. Feel out-of-the-world comfort wearing this pair of belly shoes with Thermoplastic Rubber sole. Make the guys go weak in the knees as you adorn this pair with a maxi맋ress마nd a collar neckpiece.
Variation Size: 41 EU
Variation Color: BlueClosure : Slip-on. 
Heel Height : Low Heel. 
Heel Shape : Wedges. 
Sole Material : TPR. 
Toe Shape : Round Toe. 
Package Length: 31
Package Width: 16
Package Height: 12
Package Weight: 400"
Fashion,Shoes & Accessories,PAS-SHW-131-42,PAS-SHW-131-42,Enable,Reflete Multicoloured Printed Lifestyle Shoes ,0,0,REFLETE,1000,264,237.6,211.2,184.8,158.4,Make a note to get noticed when you slip on this pair of belly shoes from the house of Reflete. Feel out-of-the-world comfort wearing this pair of belly shoes with Thermoplastic Rubber sole. Make the guys go weak in the knees as you adorn this pair with a maxi맋ress마nd a collar neckpiece.,"Make a note to get noticed when you slip on this pair of belly shoes from the house of Reflete. Feel out-of-the-world comfort wearing this pair of belly shoes with Thermoplastic Rubber sole. Make the guys go weak in the knees as you adorn this pair with a maxi맋ress마nd a collar neckpiece.
Variation Size: 42 EU
Variation Color: BlueClosure : Slip-on. 
Heel Height : Low Heel. 
Heel Shape : Wedges. 
Sole Material : TPR. 
Toe Shape : Round Toe. 
Package Length: 31
Package Width: 16
Package Height: 12
Package Weight: 400"
Fashion,Shoes & Accessories,PAS-SHW-133-36,PAS-SHW-133-36,Enable,Reflete Multicoloured Printed Lifestyle Shoes ,0,0,REFLETE,1000,241,216.9,192.8,168.7,144.6,Make a note to get noticed when you slip on this pair of belly shoes from the house of Reflete. Feel out-of-the-world comfort wearing this pair of belly shoes with Thermoplastic Rubber sole. Make the guys go weak in the knees as you adorn this pair with a maxi맋ress마nd a collar neckpiece.,"Make a note to get noticed when you slip on this pair of belly shoes from the house of Reflete. Feel out-of-the-world comfort wearing this pair of belly shoes with Thermoplastic Rubber sole. Make the guys go weak in the knees as you adorn this pair with a maxi맋ress마nd a collar neckpiece.
Variation Size: 36 EU
Variation Color: WhiteClosure : Slip-on. 
Heel Height : Low Heel. 
Heel Shape : Wedges. 
Sole Material : TPR. 
Toe Shape : Round Toe. 
Package Length: 31
Package Width: 16
Package Height: 12
Package Weight: 400"
Fashion,Shoes & Accessories,PAS-SHW-133-37,PAS-SHW-133-37,Enable,Reflete Multicoloured Printed Lifestyle Shoes ,0,0,REFLETE,1000,241,216.9,192.8,168.7,144.6,Make a note to get noticed when you slip on this pair of belly shoes from the house of Reflete. Feel out-of-the-world comfort wearing this pair of belly shoes with Thermoplastic Rubber sole. Make the guys go weak in the knees as you adorn this pair with a maxi맋ress마nd a collar neckpiece.,"Make a note to get noticed when you slip on this pair of belly shoes from the house of Reflete. Feel out-of-the-world comfort wearing this pair of belly shoes with Thermoplastic Rubber sole. Make the guys go weak in the knees as you adorn this pair with a maxi맋ress마nd a collar neckpiece.
Variation Size: 37 EU
Variation Color: WhiteClosure : Slip-on. 
Heel Height : Low Heel. 
Heel Shape : Wedges. 
Sole Material : TPR. 
Toe Shape : Round Toe. 
Package Length: 31
Package Width: 16
Package Height: 12
Package Weight: 400"
Fashion,Shoes & Accessories,PAS-SHW-133-38,PAS-SHW-133-38,Enable,Reflete Multicoloured Printed Lifestyle Shoes ,0,0,REFLETE,1000,241,216.9,192.8,168.7,144.6,Make a note to get noticed when you slip on this pair of belly shoes from the house of Reflete. Feel out-of-the-world comfort wearing this pair of belly shoes with Thermoplastic Rubber sole. Make the guys go weak in the knees as you adorn this pair with a maxi맋ress마nd a collar neckpiece.,"Make a note to get noticed when you slip on this pair of belly shoes from the house of Reflete. Feel out-of-the-world comfort wearing this pair of belly shoes with Thermoplastic Rubber sole. Make the guys go weak in the knees as you adorn this pair with a maxi맋ress마nd a collar neckpiece.
Variation Size: 38 EU
Variation Color: WhiteClosure : Slip-on. 
Heel Height : Low Heel. 
Heel Shape : Wedges. 
Sole Material : TPR. 
Toe Shape : Round Toe. 
Package Length: 31
Package Width: 16
Package Height: 12
Package Weight: 400"
Fashion,Shoes & Accessories,PAS-SHW-133-39,PAS-SHW-133-39,Enable,Reflete Multicoloured Printed Lifestyle Shoes ,0,0,REFLETE,1000,241,216.9,192.8,168.7,144.6,Make a note to get noticed when you slip on this pair of belly shoes from the house of Reflete. Feel out-of-the-world comfort wearing this pair of belly shoes with Thermoplastic Rubber sole. Make the guys go weak in the knees as you adorn this pair with a maxi맋ress마nd a collar neckpiece.,"Make a note to get noticed when you slip on this pair of belly shoes from the house of Reflete. Feel out-of-the-world comfort wearing this pair of belly shoes with Thermoplastic Rubber sole. Make the guys go weak in the knees as you adorn this pair with a maxi맋ress마nd a collar neckpiece.
Variation Size: 39 EU
Variation Color: WhiteClosure : Slip-on. 
Heel Height : Low Heel. 
Heel Shape : Wedges. 
Sole Material : TPR. 
Toe Shape : Round Toe. 
Package Length: 31
Package Width: 16
Package Height: 12
Package Weight: 400"
Fashion,Shoes & Accessories,PAS-SHW-133-40,PAS-SHW-133-40,Enable,Reflete Multicoloured Printed Lifestyle Shoes ,0,0,REFLETE,1000,241,216.9,192.8,168.7,144.6,Make a note to get noticed when you slip on this pair of belly shoes from the house of Reflete. Feel out-of-the-world comfort wearing this pair of belly shoes with Thermoplastic Rubber sole. Make the guys go weak in the knees as you adorn this pair with a maxi맋ress마nd a collar neckpiece.,"Make a note to get noticed when you slip on this pair of belly shoes from the house of Reflete. Feel out-of-the-world comfort wearing this pair of belly shoes with Thermoplastic Rubber sole. Make the guys go weak in the knees as you adorn this pair with a maxi맋ress마nd a collar neckpiece.
Variation Size: 40 EU
Variation Color: WhiteClosure : Slip-on. 
Heel Height : Low Heel. 
Heel Shape : Wedges. 
Sole Material : TPR. 
Toe Shape : Round Toe. 
Package Length: 31
Package Width: 16
Package Height: 12
Package Weight: 400"
Fashion,Shoes & Accessories,PAS-SHW-133-41,PAS-SHW-133-41,Enable,Reflete Multicoloured Printed Lifestyle Shoes ,0,0,REFLETE,1000,241,216.9,192.8,168.7,144.6,Make a note to get noticed when you slip on this pair of belly shoes from the house of Reflete. Feel out-of-the-world comfort wearing this pair of belly shoes with Thermoplastic Rubber sole. Make the guys go weak in the knees as you adorn this pair with a maxi맋ress마nd a collar neckpiece.,"Make a note to get noticed when you slip on this pair of belly shoes from the house of Reflete. Feel out-of-the-world comfort wearing this pair of belly shoes with Thermoplastic Rubber sole. Make the guys go weak in the knees as you adorn this pair with a maxi맋ress마nd a collar neckpiece.
Variation Size: 41 EU
Variation Color: WhiteClosure : Slip-on. 
Heel Height : Low Heel. 
Heel Shape : Wedges. 
Sole Material : TPR. 
Toe Shape : Round Toe. 
Package Length: 31
Package Width: 16
Package Height: 12
Package Weight: 400"
Fashion,Shoes & Accessories,PAS-SHW-133-42,PAS-SHW-133-42,Enable,Reflete Multicoloured Printed Lifestyle Shoes ,0,0,REFLETE,1000,241,216.9,192.8,168.7,144.6,Make a note to get noticed when you slip on this pair of belly shoes from the house of Reflete. Feel out-of-the-world comfort wearing this pair of belly shoes with Thermoplastic Rubber sole. Make the guys go weak in the knees as you adorn this pair with a maxi맋ress마nd a collar neckpiece.,"Make a note to get noticed when you slip on this pair of belly shoes from the house of Reflete. Feel out-of-the-world comfort wearing this pair of belly shoes with Thermoplastic Rubber sole. Make the guys go weak in the knees as you adorn this pair with a maxi맋ress마nd a collar neckpiece.
Variation Size: 42 EU
Variation Color: WhiteClosure : Slip-on. 
Heel Height : Low Heel. 
Heel Shape : Wedges. 
Sole Material : TPR. 
Toe Shape : Round Toe. 
Package Length: 31
Package Width: 16
Package Height: 12
Package Weight: 400"
Fashion,Shoes & Accessories,PAS-SHW-134-36,PAS-SHW-134-36,Enable,Reflete Multicoloured Printed Lifestyle Shoes ,0,0,REFLETE,1000,264,237.6,211.2,184.8,158.4,Make a note to get noticed when you slip on this pair of belly shoes from the house of Reflete. Feel out-of-the-world comfort wearing this pair of belly shoes with Thermoplastic Rubber sole. Make the guys go weak in the knees as you adorn this pair with a maxi맋ress마nd a collar neckpiece.,"Make a note to get noticed when you slip on this pair of belly shoes from the house of Reflete. Feel out-of-the-world comfort wearing this pair of belly shoes with Thermoplastic Rubber sole. Make the guys go weak in the knees as you adorn this pair with a maxi맋ress마nd a collar neckpiece.
Variation Size: 36 EU
Variation Color: WhiteClosure : Lace. 
Heel Height : Low Heel. 
Heel Shape : Wedges. 
Sole Material : TPR. 
Toe Shape : Round Toe. 
Package Length: 31
Package Width: 16
Package Height: 12
Package Weight: 400"
Fashion,Shoes & Accessories,PAS-SHW-134-37,PAS-SHW-134-37,Enable,Reflete Multicoloured Printed Lifestyle Shoes ,0,0,REFLETE,1000,264,237.6,211.2,184.8,158.4,Make a note to get noticed when you slip on this pair of belly shoes from the house of Reflete. Feel out-of-the-world comfort wearing this pair of belly shoes with Thermoplastic Rubber sole. Make the guys go weak in the knees as you adorn this pair with a maxi맋ress마nd a collar neckpiece.,"Make a note to get noticed when you slip on this pair of belly shoes from the house of Reflete. Feel out-of-the-world comfort wearing this pair of belly shoes with Thermoplastic Rubber sole. Make the guys go weak in the knees as you adorn this pair with a maxi맋ress마nd a collar neckpiece.
Variation Size: 37 EU
Variation Color: WhiteClosure : Lace. 
Heel Height : Low Heel. 
Heel Shape : Wedges. 
Sole Material : TPR. 
Toe Shape : Round Toe. 
Package Length: 31
Package Width: 16
Package Height: 12
Package Weight: 400"
Fashion,Shoes & Accessories,PAS-SHW-134-38,PAS-SHW-134-38,Enable,Reflete Multicoloured Printed Lifestyle Shoes ,0,0,REFLETE,1000,264,237.6,211.2,184.8,158.4,Make a note to get noticed when you slip on this pair of belly shoes from the house of Reflete. Feel out-of-the-world comfort wearing this pair of belly shoes with Thermoplastic Rubber sole. Make the guys go weak in the knees as you adorn this pair with a maxi맋ress마nd a collar neckpiece.,"Make a note to get noticed when you slip on this pair of belly shoes from the house of Reflete. Feel out-of-the-world comfort wearing this pair of belly shoes with Thermoplastic Rubber sole. Make the guys go weak in the knees as you adorn this pair with a maxi맋ress마nd a collar neckpiece.
Variation Size: 38 EU
Variation Color: WhiteClosure : Lace. 
Heel Height : Low Heel. 
Heel Shape : Wedges. 
Sole Material : TPR. 
Toe Shape : Round Toe. 
Package Length: 31
Package Width: 16
Package Height: 12
Package Weight: 400"
Fashion,Shoes & Accessories,PAS-SHW-134-39,PAS-SHW-134-39,Enable,Reflete Multicoloured Printed Lifestyle Shoes ,0,0,REFLETE,1000,264,237.6,211.2,184.8,158.4,Make a note to get noticed when you slip on this pair of belly shoes from the house of Reflete. Feel out-of-the-world comfort wearing this pair of belly shoes with Thermoplastic Rubber sole. Make the guys go weak in the knees as you adorn this pair with a maxi맋ress마nd a collar neckpiece.,"Make a note to get noticed when you slip on this pair of belly shoes from the house of Reflete. Feel out-of-the-world comfort wearing this pair of belly shoes with Thermoplastic Rubber sole. Make the guys go weak in the knees as you adorn this pair with a maxi맋ress마nd a collar neckpiece.
Variation Size: 39 EU
Variation Color: WhiteClosure : Lace. 
Heel Height : Low Heel. 
Heel Shape : Wedges. 
Sole Material : TPR. 
Toe Shape : Round Toe. 
Package Length: 31
Package Width: 16
Package Height: 12
Package Weight: 400"
Fashion,Shoes & Accessories,PAS-SHW-134-40,PAS-SHW-134-40,Enable,Reflete Multicoloured Printed Lifestyle Shoes ,0,0,REFLETE,1000,264,237.6,211.2,184.8,158.4,Make a note to get noticed when you slip on this pair of belly shoes from the house of Reflete. Feel out-of-the-world comfort wearing this pair of belly shoes with Thermoplastic Rubber sole. Make the guys go weak in the knees as you adorn this pair with a maxi맋ress마nd a collar neckpiece.,"Make a note to get noticed when you slip on this pair of belly shoes from the house of Reflete. Feel out-of-the-world comfort wearing this pair of belly shoes with Thermoplastic Rubber sole. Make the guys go weak in the knees as you adorn this pair with a maxi맋ress마nd a collar neckpiece.
Variation Size: 40 EU
Variation Color: WhiteClosure : Lace. 
Heel Height : Low Heel. 
Heel Shape : Wedges. 
Sole Material : TPR. 
Toe Shape : Round Toe. 
Package Length: 31
Package Width: 16
Package Height: 12
Package Weight: 400"
Fashion,Shoes & Accessories,PAS-SHW-134-41,PAS-SHW-134-41,Enable,Reflete Multicoloured Printed Lifestyle Shoes ,0,0,REFLETE,1000,264,237.6,211.2,184.8,158.4,Make a note to get noticed when you slip on this pair of belly shoes from the house of Reflete. Feel out-of-the-world comfort wearing this pair of belly shoes with Thermoplastic Rubber sole. Make the guys go weak in the knees as you adorn this pair with a maxi맋ress마nd a collar neckpiece.,"Make a note to get noticed when you slip on this pair of belly shoes from the house of Reflete. Feel out-of-the-world comfort wearing this pair of belly shoes with Thermoplastic Rubber sole. Make the guys go weak in the knees as you adorn this pair with a maxi맋ress마nd a collar neckpiece.
Variation Size: 41 EU
Variation Color: WhiteClosure : Lace. 
Heel Height : Low Heel. 
Heel Shape : Wedges. 
Sole Material : TPR. 
Toe Shape : Round Toe. 
Package Length: 31
Package Width: 16
Package Height: 12
Package Weight: 400"
Fashion,Shoes & Accessories,PAS-SHW-134-42,PAS-SHW-134-42,Enable,Reflete Multicoloured Printed Lifestyle Shoes ,0,0,REFLETE,1000,264,237.6,211.2,184.8,158.4,Make a note to get noticed when you slip on this pair of belly shoes from the house of Reflete. Feel out-of-the-world comfort wearing this pair of belly shoes with Thermoplastic Rubber sole. Make the guys go weak in the knees as you adorn this pair with a maxi맋ress마nd a collar neckpiece.,"Make a note to get noticed when you slip on this pair of belly shoes from the house of Reflete. Feel out-of-the-world comfort wearing this pair of belly shoes with Thermoplastic Rubber sole. Make the guys go weak in the knees as you adorn this pair with a maxi맋ress마nd a collar neckpiece.
Variation Size: 42 EU
Variation Color: WhiteClosure : Lace. 
Heel Height : Low Heel. 
Heel Shape : Wedges. 
Sole Material : TPR. 
Toe Shape : Round Toe. 
Package Length: 31
Package Width: 16
Package Height: 12
Package Weight: 400"
Fashion,Shoes & Accessories,PAS-SHW-135-36,PAS-SHW-135-36,Enable,Reflete Multicoloured Printed Lifestyle Shoes ,0,0,REFLETE,1000,264,237.6,211.2,184.8,158.4,Make a note to get noticed when you slip on this pair of belly shoes from the house of Reflete. Feel out-of-the-world comfort wearing this pair of belly shoes with Thermoplastic Rubber sole. Make the guys go weak in the knees as you adorn this pair with a maxi맋ress마nd a collar neckpiece.,"Make a note to get noticed when you slip on this pair of belly shoes from the house of Reflete. Feel out-of-the-world comfort wearing this pair of belly shoes with Thermoplastic Rubber sole. Make the guys go weak in the knees as you adorn this pair with a maxi맋ress마nd a collar neckpiece.
Variation Size: 36 EU
Variation Color: WhiteClosure : Lace. 
Heel Height : Low Heel. 
Heel Shape : Wedges. 
Sole Material : TPR. 
Toe Shape : Round Toe. 
Package Length: 31
Package Width: 16
Package Height: 12
Package Weight: 400"
Fashion,Shoes & Accessories,PAS-SHW-135-37,PAS-SHW-135-37,Enable,Reflete Multicoloured Printed Lifestyle Shoes ,0,0,REFLETE,1000,264,237.6,211.2,184.8,158.4,Make a note to get noticed when you slip on this pair of belly shoes from the house of Reflete. Feel out-of-the-world comfort wearing this pair of belly shoes with Thermoplastic Rubber sole. Make the guys go weak in the knees as you adorn this pair with a maxi맋ress마nd a collar neckpiece.,"Make a note to get noticed when you slip on this pair of belly shoes from the house of Reflete. Feel out-of-the-world comfort wearing this pair of belly shoes with Thermoplastic Rubber sole. Make the guys go weak in the knees as you adorn this pair with a maxi맋ress마nd a collar neckpiece.
Variation Size: 37 EU
Variation Color: WhiteClosure : Lace. 
Heel Height : Low Heel. 
Heel Shape : Wedges. 
Sole Material : TPR. 
Toe Shape : Round Toe. 
Package Length: 31
Package Width: 16
Package Height: 12
Package Weight: 400"
Fashion,Shoes & Accessories,PAS-SHW-135-38,PAS-SHW-135-38,Enable,Reflete Multicoloured Printed Lifestyle Shoes ,0,0,REFLETE,1000,264,237.6,211.2,184.8,158.4,Make a note to get noticed when you slip on this pair of belly shoes from the house of Reflete. Feel out-of-the-world comfort wearing this pair of belly shoes with Thermoplastic Rubber sole. Make the guys go weak in the knees as you adorn this pair with a maxi맋ress마nd a collar neckpiece.,"Make a note to get noticed when you slip on this pair of belly shoes from the house of Reflete. Feel out-of-the-world comfort wearing this pair of belly shoes with Thermoplastic Rubber sole. Make the guys go weak in the knees as you adorn this pair with a maxi맋ress마nd a collar neckpiece.
Variation Size: 38 EU
Variation Color: WhiteClosure : Lace. 
Heel Height : Low Heel. 
Heel Shape : Wedges. 
Sole Material : TPR. 
Toe Shape : Round Toe. 
Package Length: 31
Package Width: 16
Package Height: 12
Package Weight: 400"
Fashion,Shoes & Accessories,PAS-SHW-135-39,PAS-SHW-135-39,Enable,Reflete Multicoloured Printed Lifestyle Shoes ,0,0,REFLETE,1000,264,237.6,211.2,184.8,158.4,Make a note to get noticed when you slip on this pair of belly shoes from the house of Reflete. Feel out-of-the-world comfort wearing this pair of belly shoes with Thermoplastic Rubber sole. Make the guys go weak in the knees as you adorn this pair with a maxi맋ress마nd a collar neckpiece.,"Make a note to get noticed when you slip on this pair of belly shoes from the house of Reflete. Feel out-of-the-world comfort wearing this pair of belly shoes with Thermoplastic Rubber sole. Make the guys go weak in the knees as you adorn this pair with a maxi맋ress마nd a collar neckpiece.
Variation Size: 39 EU
Variation Color: WhiteClosure : Lace. 
Heel Height : Low Heel. 
Heel Shape : Wedges. 
Sole Material : TPR. 
Toe Shape : Round Toe. 
Package Length: 31
Package Width: 16
Package Height: 12
Package Weight: 400"
Fashion,Shoes & Accessories,PAS-SHW-135-40,PAS-SHW-135-40,Enable,Reflete Multicoloured Printed Lifestyle Shoes ,0,0,REFLETE,1000,264,237.6,211.2,184.8,158.4,Make a note to get noticed when you slip on this pair of belly shoes from the house of Reflete. Feel out-of-the-world comfort wearing this pair of belly shoes with Thermoplastic Rubber sole. Make the guys go weak in the knees as you adorn this pair with a maxi맋ress마nd a collar neckpiece.,"Make a note to get noticed when you slip on this pair of belly shoes from the house of Reflete. Feel out-of-the-world comfort wearing this pair of belly shoes with Thermoplastic Rubber sole. Make the guys go weak in the knees as you adorn this pair with a maxi맋ress마nd a collar neckpiece.
Variation Size: 40 EU
Variation Color: WhiteClosure : Lace. 
Heel Height : Low Heel. 
Heel Shape : Wedges. 
Sole Material : TPR. 
Toe Shape : Round Toe. 
Package Length: 31
Package Width: 16
Package Height: 12
Package Weight: 400"
Fashion,Shoes & Accessories,PAS-SHW-135-41,PAS-SHW-135-41,Enable,Reflete Multicoloured Printed Lifestyle Shoes ,0,0,REFLETE,1000,264,237.6,211.2,184.8,158.4,Make a note to get noticed when you slip on this pair of belly shoes from the house of Reflete. Feel out-of-the-world comfort wearing this pair of belly shoes with Thermoplastic Rubber sole. Make the guys go weak in the knees as you adorn this pair with a maxi맋ress마nd a collar neckpiece.,"Make a note to get noticed when you slip on this pair of belly shoes from the house of Reflete. Feel out-of-the-world comfort wearing this pair of belly shoes with Thermoplastic Rubber sole. Make the guys go weak in the knees as you adorn this pair with a maxi맋ress마nd a collar neckpiece.
Variation Size: 41 EU
Variation Color: WhiteClosure : Lace. 
Heel Height : Low Heel. 
Heel Shape : Wedges. 
Sole Material : TPR. 
Toe Shape : Round Toe. 
Package Length: 31
Package Width: 16
Package Height: 12
Package Weight: 400"
Fashion,Shoes & Accessories,PAS-SHW-135-42,PAS-SHW-135-42,Enable,Reflete Multicoloured Printed Lifestyle Shoes ,0,0,REFLETE,1000,264,237.6,211.2,184.8,158.4,Make a note to get noticed when you slip on this pair of belly shoes from the house of Reflete. Feel out-of-the-world comfort wearing this pair of belly shoes with Thermoplastic Rubber sole. Make the guys go weak in the knees as you adorn this pair with a maxi맋ress마nd a collar neckpiece.,"Make a note to get noticed when you slip on this pair of belly shoes from the house of Reflete. Feel out-of-the-world comfort wearing this pair of belly shoes with Thermoplastic Rubber sole. Make the guys go weak in the knees as you adorn this pair with a maxi맋ress마nd a collar neckpiece.
Variation Size: 42 EU
Variation Color: WhiteClosure : Lace. 
Heel Height : Low Heel. 
Heel Shape : Wedges. 
Sole Material : TPR. 
Toe Shape : Round Toe. 
Package Length: 31
Package Width: 16
Package Height: 12
Package Weight: 400"
Fashion,Shoes & Accessories,PAS-SHW-136-36,PAS-SHW-136-36,Enable,Reflete Multicoloured Printed Lifestyle Shoes ,0,0,REFLETE,1000,264,237.6,211.2,184.8,158.4,Make a note to get noticed when you slip on this pair of belly shoes from the house of Reflete. Feel out-of-the-world comfort wearing this pair of belly shoes with Thermoplastic Rubber sole. Make the guys go weak in the knees as you adorn this pair with a maxi맋ress마nd a collar neckpiece.,"Make a note to get noticed when you slip on this pair of belly shoes from the house of Reflete. Feel out-of-the-world comfort wearing this pair of belly shoes with Thermoplastic Rubber sole. Make the guys go weak in the knees as you adorn this pair with a maxi맋ress마nd a collar neckpiece.
Variation Size: 36 EU
Variation Color: WhiteClosure : Lace. 
Heel Height : Low Heel. 
Heel Shape : Wedges. 
Sole Material : TPR. 
Toe Shape : Round Toe. 
Package Length: 31
Package Width: 16
Package Height: 12
Package Weight: 400"
Fashion,Shoes & Accessories,PAS-SHW-136-37,PAS-SHW-136-37,Enable,Reflete Multicoloured Printed Lifestyle Shoes ,0,0,REFLETE,1000,264,237.6,211.2,184.8,158.4,Make a note to get noticed when you slip on this pair of belly shoes from the house of Reflete. Feel out-of-the-world comfort wearing this pair of belly shoes with Thermoplastic Rubber sole. Make the guys go weak in the knees as you adorn this pair with a maxi맋ress마nd a collar neckpiece.,"Make a note to get noticed when you slip on this pair of belly shoes from the house of Reflete. Feel out-of-the-world comfort wearing this pair of belly shoes with Thermoplastic Rubber sole. Make the guys go weak in the knees as you adorn this pair with a maxi맋ress마nd a collar neckpiece.
Variation Size: 37 EU
Variation Color: WhiteClosure : Lace. 
Heel Height : Low Heel. 
Heel Shape : Wedges. 
Sole Material : TPR. 
Toe Shape : Round Toe. 
Package Length: 31
Package Width: 16
Package Height: 12
Package Weight: 400"
Fashion,Shoes & Accessories,PAS-SHW-136-38,PAS-SHW-136-38,Enable,Reflete Multicoloured Printed Lifestyle Shoes ,0,0,REFLETE,1000,264,237.6,211.2,184.8,158.4,Make a note to get noticed when you slip on this pair of belly shoes from the house of Reflete. Feel out-of-the-world comfort wearing this pair of belly shoes with Thermoplastic Rubber sole. Make the guys go weak in the knees as you adorn this pair with a maxi맋ress마nd a collar neckpiece.,"Make a note to get noticed when you slip on this pair of belly shoes from the house of Reflete. Feel out-of-the-world comfort wearing this pair of belly shoes with Thermoplastic Rubber sole. Make the guys go weak in the knees as you adorn this pair with a maxi맋ress마nd a collar neckpiece.
Variation Size: 38 EU
Variation Color: WhiteClosure : Lace. 
Heel Height : Low Heel. 
Heel Shape : Wedges. 
Sole Material : TPR. 
Toe Shape : Round Toe. 
Package Length: 31
Package Width: 16
Package Height: 12
Package Weight: 400"
Fashion,Shoes & Accessories,PAS-SHW-136-39,PAS-SHW-136-39,Enable,Reflete Multicoloured Printed Lifestyle Shoes ,0,0,REFLETE,1000,264,237.6,211.2,184.8,158.4,Make a note to get noticed when you slip on this pair of belly shoes from the house of Reflete. Feel out-of-the-world comfort wearing this pair of belly shoes with Thermoplastic Rubber sole. Make the guys go weak in the knees as you adorn this pair with a maxi맋ress마nd a collar neckpiece.,"Make a note to get noticed when you slip on this pair of belly shoes from the house of Reflete. Feel out-of-the-world comfort wearing this pair of belly shoes with Thermoplastic Rubber sole. Make the guys go weak in the knees as you adorn this pair with a maxi맋ress마nd a collar neckpiece.
Variation Size: 39 EU
Variation Color: WhiteClosure : Lace. 
Heel Height : Low Heel. 
Heel Shape : Wedges. 
Sole Material : TPR. 
Toe Shape : Round Toe. 
Package Length: 31
Package Width: 16
Package Height: 12
Package Weight: 400"
Fashion,Shoes & Accessories,PAS-SHW-136-40,PAS-SHW-136-40,Enable,Reflete Multicoloured Printed Lifestyle Shoes ,0,0,REFLETE,1000,264,237.6,211.2,184.8,158.4,Make a note to get noticed when you slip on this pair of belly shoes from the house of Reflete. Feel out-of-the-world comfort wearing this pair of belly shoes with Thermoplastic Rubber sole. Make the guys go weak in the knees as you adorn this pair with a maxi맋ress마nd a collar neckpiece.,"Make a note to get noticed when you slip on this pair of belly shoes from the house of Reflete. Feel out-of-the-world comfort wearing this pair of belly shoes with Thermoplastic Rubber sole. Make the guys go weak in the knees as you adorn this pair with a maxi맋ress마nd a collar neckpiece.
Variation Size: 40 EU
Variation Color: WhiteClosure : Lace. 
Heel Height : Low Heel. 
Heel Shape : Wedges. 
Sole Material : TPR. 
Toe Shape : Round Toe. 
Package Length: 31
Package Width: 16
Package Height: 12
Package Weight: 400"
Fashion,Shoes & Accessories,PAS-SHW-136-41,PAS-SHW-136-41,Enable,Reflete Multicoloured Printed Lifestyle Shoes ,0,0,REFLETE,1000,264,237.6,211.2,184.8,158.4,Make a note to get noticed when you slip on this pair of belly shoes from the house of Reflete. Feel out-of-the-world comfort wearing this pair of belly shoes with Thermoplastic Rubber sole. Make the guys go weak in the knees as you adorn this pair with a maxi맋ress마nd a collar neckpiece.,"Make a note to get noticed when you slip on this pair of belly shoes from the house of Reflete. Feel out-of-the-world comfort wearing this pair of belly shoes with Thermoplastic Rubber sole. Make the guys go weak in the knees as you adorn this pair with a maxi맋ress마nd a collar neckpiece.
Variation Size: 41 EU
Variation Color: WhiteClosure : Lace. 
Heel Height : Low Heel. 
Heel Shape : Wedges. 
Sole Material : TPR. 
Toe Shape : Round Toe. 
Package Length: 31
Package Width: 16
Package Height: 12
Package Weight: 400"
Fashion,Shoes & Accessories,PAS-SHW-136-42,PAS-SHW-136-42,Enable,Reflete Multicoloured Printed Lifestyle Shoes ,0,0,REFLETE,1000,264,237.6,211.2,184.8,158.4,Make a note to get noticed when you slip on this pair of belly shoes from the house of Reflete. Feel out-of-the-world comfort wearing this pair of belly shoes with Thermoplastic Rubber sole. Make the guys go weak in the knees as you adorn this pair with a maxi맋ress마nd a collar neckpiece.,"Make a note to get noticed when you slip on this pair of belly shoes from the house of Reflete. Feel out-of-the-world comfort wearing this pair of belly shoes with Thermoplastic Rubber sole. Make the guys go weak in the knees as you adorn this pair with a maxi맋ress마nd a collar neckpiece.
Variation Size: 42 EU
Variation Color: WhiteClosure : Lace. 
Heel Height : Low Heel. 
Heel Shape : Wedges. 
Sole Material : TPR. 
Toe Shape : Round Toe. 
Package Length: 31
Package Width: 16
Package Height: 12
Package Weight: 400"
Fashion,Shoes & Accessories,PAS-SHW-138-36,PAS-SHW-138-36,Enable,Reflete Multicoloured Printed Lifestyle Shoes ,0,0,REFLETE,1000,241,216.9,192.8,168.7,144.6,Make a note to get noticed when you slip on this pair of belly shoes from the house of Reflete. Feel out-of-the-world comfort wearing this pair of belly shoes with Thermoplastic Rubber sole. Make the guys go weak in the knees as you adorn this pair with a maxi맋ress마nd a collar neckpiece.,"Make a note to get noticed when you slip on this pair of belly shoes from the house of Reflete. Feel out-of-the-world comfort wearing this pair of belly shoes with Thermoplastic Rubber sole. Make the guys go weak in the knees as you adorn this pair with a maxi맋ress마nd a collar neckpiece.
Variation Size: 36 EU
Variation Color: BlackClosure : Slip-on. 
Heel Height : Low Heel. 
Heel Shape : Wedges. 
Sole Material : TPR. 
Toe Shape : Round Toe. 
Package Length: 31
Package Width: 16
Package Height: 12
Package Weight: 400"
Fashion,Shoes & Accessories,PAS-SHW-138-37,PAS-SHW-138-37,Enable,Reflete Multicoloured Printed Lifestyle Shoes ,0,0,REFLETE,1000,241,216.9,192.8,168.7,144.6,Make a note to get noticed when you slip on this pair of belly shoes from the house of Reflete. Feel out-of-the-world comfort wearing this pair of belly shoes with Thermoplastic Rubber sole. Make the guys go weak in the knees as you adorn this pair with a maxi맋ress마nd a collar neckpiece.,"Make a note to get noticed when you slip on this pair of belly shoes from the house of Reflete. Feel out-of-the-world comfort wearing this pair of belly shoes with Thermoplastic Rubber sole. Make the guys go weak in the knees as you adorn this pair with a maxi맋ress마nd a collar neckpiece.
Variation Size: 37 EU
Variation Color: BlackClosure : Slip-on. 
Heel Height : Low Heel. 
Heel Shape : Wedges. 
Sole Material : TPR. 
Toe Shape : Round Toe. 
Package Length: 31
Package Width: 16
Package Height: 12
Package Weight: 400"
Fashion,Shoes & Accessories,PAS-SHW-138-38,PAS-SHW-138-38,Enable,Reflete Multicoloured Printed Lifestyle Shoes ,0,0,REFLETE,1000,241,216.9,192.8,168.7,144.6,Make a note to get noticed when you slip on this pair of belly shoes from the house of Reflete. Feel out-of-the-world comfort wearing this pair of belly shoes with Thermoplastic Rubber sole. Make the guys go weak in the knees as you adorn this pair with a maxi맋ress마nd a collar neckpiece.,"Make a note to get noticed when you slip on this pair of belly shoes from the house of Reflete. Feel out-of-the-world comfort wearing this pair of belly shoes with Thermoplastic Rubber sole. Make the guys go weak in the knees as you adorn this pair with a maxi맋ress마nd a collar neckpiece.
Variation Size: 38 EU
Variation Color: BlackClosure : Slip-on. 
Heel Height : Low Heel. 
Heel Shape : Wedges. 
Sole Material : TPR. 
Toe Shape : Round Toe. 
Package Length: 31
Package Width: 16
Package Height: 12
Package Weight: 400"
Fashion,Shoes & Accessories,PAS-SHW-138-39,PAS-SHW-138-39,Enable,Reflete Multicoloured Printed Lifestyle Shoes ,0,0,REFLETE,1000,241,216.9,192.8,168.7,144.6,Make a note to get noticed when you slip on this pair of belly shoes from the house of Reflete. Feel out-of-the-world comfort wearing this pair of belly shoes with Thermoplastic Rubber sole. Make the guys go weak in the knees as you adorn this pair with a maxi맋ress마nd a collar neckpiece.,"Make a note to get noticed when you slip on this pair of belly shoes from the house of Reflete. Feel out-of-the-world comfort wearing this pair of belly shoes with Thermoplastic Rubber sole. Make the guys go weak in the knees as you adorn this pair with a maxi맋ress마nd a collar neckpiece.
Variation Size: 39 EU
Variation Color: BlackClosure : Slip-on. 
Heel Height : Low Heel. 
Heel Shape : Wedges. 
Sole Material : TPR. 
Toe Shape : Round Toe. 
Package Length: 31
Package Width: 16
Package Height: 12
Package Weight: 400"
Fashion,Shoes & Accessories,PAS-SHW-138-40,PAS-SHW-138-40,Enable,Reflete Multicoloured Printed Lifestyle Shoes ,0,0,REFLETE,1000,241,216.9,192.8,168.7,144.6,Make a note to get noticed when you slip on this pair of belly shoes from the house of Reflete. Feel out-of-the-world comfort wearing this pair of belly shoes with Thermoplastic Rubber sole. Make the guys go weak in the knees as you adorn this pair with a maxi맋ress마nd a collar neckpiece.,"Make a note to get noticed when you slip on this pair of belly shoes from the house of Reflete. Feel out-of-the-world comfort wearing this pair of belly shoes with Thermoplastic Rubber sole. Make the guys go weak in the knees as you adorn this pair with a maxi맋ress마nd a collar neckpiece.
Variation Size: 40 EU
Variation Color: BlackClosure : Slip-on. 
Heel Height : Low Heel. 
Heel Shape : Wedges. 
Sole Material : TPR. 
Toe Shape : Round Toe. 
Package Length: 31
Package Width: 16
Package Height: 12
Package Weight: 400"
Fashion,Shoes & Accessories,PAS-SHW-138-41,PAS-SHW-138-41,Enable,Reflete Multicoloured Printed Lifestyle Shoes ,0,0,REFLETE,1000,241,216.9,192.8,168.7,144.6,Make a note to get noticed when you slip on this pair of belly shoes from the house of Reflete. Feel out-of-the-world comfort wearing this pair of belly shoes with Thermoplastic Rubber sole. Make the guys go weak in the knees as you adorn this pair with a maxi맋ress마nd a collar neckpiece.,"Make a note to get noticed when you slip on this pair of belly shoes from the house of Reflete. Feel out-of-the-world comfort wearing this pair of belly shoes with Thermoplastic Rubber sole. Make the guys go weak in the knees as you adorn this pair with a maxi맋ress마nd a collar neckpiece.
Variation Size: 41 EU
Variation Color: BlackClosure : Slip-on. 
Heel Height : Low Heel. 
Heel Shape : Wedges. 
Sole Material : TPR. 
Toe Shape : Round Toe. 
Package Length: 31
Package Width: 16
Package Height: 12
Package Weight: 400"
Fashion,Shoes & Accessories,PAS-SHW-138-42,PAS-SHW-138-42,Enable,Reflete Multicoloured Printed Lifestyle Shoes ,0,0,REFLETE,1000,241,216.9,192.8,168.7,144.6,Make a note to get noticed when you slip on this pair of belly shoes from the house of Reflete. Feel out-of-the-world comfort wearing this pair of belly shoes with Thermoplastic Rubber sole. Make the guys go weak in the knees as you adorn this pair with a maxi맋ress마nd a collar neckpiece.,"Make a note to get noticed when you slip on this pair of belly shoes from the house of Reflete. Feel out-of-the-world comfort wearing this pair of belly shoes with Thermoplastic Rubber sole. Make the guys go weak in the knees as you adorn this pair with a maxi맋ress마nd a collar neckpiece.
Variation Size: 42 EU
Variation Color: BlackClosure : Slip-on. 
Heel Height : Low Heel. 
Heel Shape : Wedges. 
Sole Material : TPR. 
Toe Shape : Round Toe. 
Package Length: 31
Package Width: 16
Package Height: 12
Package Weight: 400"
Fashion,Shoes & Accessories,PAS-SHW-139-36,PAS-SHW-139-36,Enable,Reflete Multicoloured Printed Lifestyle Shoes ,0,0,REFLETE,1000,241,216.9,192.8,168.7,144.6,Make a note to get noticed when you slip on this pair of belly shoes from the house of Reflete. Feel out-of-the-world comfort wearing this pair of belly shoes with Thermoplastic Rubber sole. Make the guys go weak in the knees as you adorn this pair with a maxi맋ress마nd a collar neckpiece.,"Make a note to get noticed when you slip on this pair of belly shoes from the house of Reflete. Feel out-of-the-world comfort wearing this pair of belly shoes with Thermoplastic Rubber sole. Make the guys go weak in the knees as you adorn this pair with a maxi맋ress마nd a collar neckpiece.
Variation Size: 36 EU
Variation Color: BlackClosure : Slip-on. 
Heel Height : Low Heel. 
Heel Shape : Wedges. 
Sole Material : TPR. 
Toe Shape : Round Toe. 
Package Length: 31
Package Width: 16
Package Height: 12
Package Weight: 400"
Fashion,Shoes & Accessories,PAS-SHW-139-37,PAS-SHW-139-37,Enable,Reflete Multicoloured Printed Lifestyle Shoes ,0,0,REFLETE,1000,241,216.9,192.8,168.7,144.6,Make a note to get noticed when you slip on this pair of belly shoes from the house of Reflete. Feel out-of-the-world comfort wearing this pair of belly shoes with Thermoplastic Rubber sole. Make the guys go weak in the knees as you adorn this pair with a maxi맋ress마nd a collar neckpiece.,"Make a note to get noticed when you slip on this pair of belly shoes from the house of Reflete. Feel out-of-the-world comfort wearing this pair of belly shoes with Thermoplastic Rubber sole. Make the guys go weak in the knees as you adorn this pair with a maxi맋ress마nd a collar neckpiece.
Variation Size: 37 EU
Variation Color: BlackClosure : Slip-on. 
Heel Height : Low Heel. 
Heel Shape : Wedges. 
Sole Material : TPR. 
Toe Shape : Round Toe. 
Package Length: 31
Package Width: 16
Package Height: 12
Package Weight: 400"
Fashion,Shoes & Accessories,PAS-SHW-139-38,PAS-SHW-139-38,Enable,Reflete Multicoloured Printed Lifestyle Shoes ,0,0,REFLETE,1000,241,216.9,192.8,168.7,144.6,Make a note to get noticed when you slip on this pair of belly shoes from the house of Reflete. Feel out-of-the-world comfort wearing this pair of belly shoes with Thermoplastic Rubber sole. Make the guys go weak in the knees as you adorn this pair with a maxi맋ress마nd a collar neckpiece.,"Make a note to get noticed when you slip on this pair of belly shoes from the house of Reflete. Feel out-of-the-world comfort wearing this pair of belly shoes with Thermoplastic Rubber sole. Make the guys go weak in the knees as you adorn this pair with a maxi맋ress마nd a collar neckpiece.
Variation Size: 38 EU
Variation Color: BlackClosure : Slip-on. 
Heel Height : Low Heel. 
Heel Shape : Wedges. 
Sole Material : TPR. 
Toe Shape : Round Toe. 
Package Length: 31
Package Width: 16
Package Height: 12
Package Weight: 400"
Fashion,Shoes & Accessories,PAS-SHW-139-39,PAS-SHW-139-39,Enable,Reflete Multicoloured Printed Lifestyle Shoes ,0,0,REFLETE,1000,241,216.9,192.8,168.7,144.6,Make a note to get noticed when you slip on this pair of belly shoes from the house of Reflete. Feel out-of-the-world comfort wearing this pair of belly shoes with Thermoplastic Rubber sole. Make the guys go weak in the knees as you adorn this pair with a maxi맋ress마nd a collar neckpiece.,"Make a note to get noticed when you slip on this pair of belly shoes from the house of Reflete. Feel out-of-the-world comfort wearing this pair of belly shoes with Thermoplastic Rubber sole. Make the guys go weak in the knees as you adorn this pair with a maxi맋ress마nd a collar neckpiece.
Variation Size: 39 EU
Variation Color: BlackClosure : Slip-on. 
Heel Height : Low Heel. 
Heel Shape : Wedges. 
Sole Material : TPR. 
Toe Shape : Round Toe. 
Package Length: 31
Package Width: 16
Package Height: 12
Package Weight: 400"
Fashion,Shoes & Accessories,PAS-SHW-139-40,PAS-SHW-139-40,Enable,Reflete Multicoloured Printed Lifestyle Shoes ,0,0,REFLETE,1000,241,216.9,192.8,168.7,144.6,Make a note to get noticed when you slip on this pair of belly shoes from the house of Reflete. Feel out-of-the-world comfort wearing this pair of belly shoes with Thermoplastic Rubber sole. Make the guys go weak in the knees as you adorn this pair with a maxi맋ress마nd a collar neckpiece.,"Make a note to get noticed when you slip on this pair of belly shoes from the house of Reflete. Feel out-of-the-world comfort wearing this pair of belly shoes with Thermoplastic Rubber sole. Make the guys go weak in the knees as you adorn this pair with a maxi맋ress마nd a collar neckpiece.
Variation Size: 40 EU
Variation Color: BlackClosure : Slip-on. 
Heel Height : Low Heel. 
Heel Shape : Wedges. 
Sole Material : TPR. 
Toe Shape : Round Toe. 
Package Length: 31
Package Width: 16
Package Height: 12
Package Weight: 400"
Fashion,Shoes & Accessories,PAS-SHW-139-41,PAS-SHW-139-41,Enable,Reflete Multicoloured Printed Lifestyle Shoes ,0,0,REFLETE,1000,241,216.9,192.8,168.7,144.6,Make a note to get noticed when you slip on this pair of belly shoes from the house of Reflete. Feel out-of-the-world comfort wearing this pair of belly shoes with Thermoplastic Rubber sole. Make the guys go weak in the knees as you adorn this pair with a maxi맋ress마nd a collar neckpiece.,"Make a note to get noticed when you slip on this pair of belly shoes from the house of Reflete. Feel out-of-the-world comfort wearing this pair of belly shoes with Thermoplastic Rubber sole. Make the guys go weak in the knees as you adorn this pair with a maxi맋ress마nd a collar neckpiece.
Variation Size: 41 EU
Variation Color: BlackClosure : Slip-on. 
Heel Height : Low Heel. 
Heel Shape : Wedges. 
Sole Material : TPR. 
Toe Shape : Round Toe. 
Package Length: 31
Package Width: 16
Package Height: 12
Package Weight: 400"